link,name,price
https://www.oldtowntequila.com/cinco-sentidos-de-horno-mezcal-750ml/,Mezonte ,49.99
https://www.oldtowntequila.com/cinco-sentidos-de-horno-mezcal-750ml/,Mezonte ,49.99
https://www.oldtowntequila.com/cinco-sentidos-de-horno-mezcal-750ml/,La Luna Mezcal,32.99
https://www.oldtowntequila.com/cinco-sentidos-de-horno-mezcal-750ml/,La Luna Mezcal,12.99
https://www.oldtowntequila.com/cinco-sentidos-de-horno-mezcal-750ml/,La Luna Mezcal,37.99
https://www.oldtowntequila.com/cinco-sentidos-de-horno-mezcal-750ml/,La Luna Mezcal,24.99
https://www.oldtowntequila.com/cinco-sentidos-de-horno-mezcal-750ml/,CUENTACUENTOS,110.00
https://www.oldtowntequila.com/cinco-sentidos-de-horno-mezcal-750ml/,5 Sentidos,139.99
https://www.oldtowntequila.com/cinco-sentidos-de-horno-mezcal-750ml/,5 Sentidos,139.99
https://www.oldtowntequila.com/cinco-sentidos-de-horno-mezcal-750ml/,5 Sentidos,139.99
https://www.oldtowntequila.com/cinco-sentidos-de-horno-mezcal-750ml/,5 Sentidos,139.99
https://www.oldtowntequila.com/cinco-sentidos-de-horno-mezcal-750ml/,5 Sentidos,139.99
https://www.oldtowntequila.com/cinco-sentidos-de-horno-mezcal-750ml/,5 Sentidos,139.99
https://www.oldtowntequila.com/cinco-sentidos-de-horno-mezcal-750ml/,5 Sentidos,139.99
https://www.oldtowntequila.com/cinco-sentidos-de-horno-mezcal-750ml/,Mezcalistas,155.00
https://www.oldtowntequila.com/cinco-sentidos-de-horno-mezcal-750ml/,tosba,124.99
https://www.oldtowntequila.com/cinco-sentidos-de-horno-mezcal-750ml/,Alacran,62.99
https://www.oldtowntequila.com/cinco-sentidos-de-horno-mezcal-750ml/,Izo Mezcal ,149.99
https://www.oldtowntequila.com/cinco-sentidos-de-horno-mezcal-750ml/,,174.00
https://www.oldtowntequila.com/cinco-sentidos-de-horno-mezcal-750ml/,CODIGO 1530,64.99
https://www.oldtowntequila.com/cinco-sentidos-de-horno-mezcal-750ml/,HECHIZO,79.99
https://www.oldtowntequila.com/cinco-sentidos-de-horno-mezcal-750ml/,HECHIZO,119.99
https://www.oldtowntequila.com/cinco-sentidos-de-horno-mezcal-750ml/,Yuu Baal,39.99
https://www.oldtowntequila.com/cinco-sentidos-de-horno-mezcal-750ml/,Yuu Baal,49.99
https://www.oldtowntequila.com/cinco-sentidos-de-horno-mezcal-750ml/,Yuu Baal,39.99
https://www.oldtowntequila.com/cinco-sentidos-de-horno-mezcal-750ml/,Salvadores,94.99
https://www.oldtowntequila.com/cinco-sentidos-de-horno-mezcal-750ml/,Amaras,119.99
https://www.oldtowntequila.com/cinco-sentidos-de-horno-mezcal-750ml/,Divino Maguey,84.99
https://www.oldtowntequila.com/cinco-sentidos-de-horno-mezcal-750ml/,Amaras,149.99
https://www.oldtowntequila.com/cinco-sentidos-de-horno-mezcal-750ml/,Amaras,79.99
https://www.oldtowntequila.com/cinco-sentidos-de-horno-mezcal-750ml/,Divino Maguey,49.99
https://www.oldtowntequila.com/cinco-sentidos-de-horno-mezcal-750ml/,Resol ,69.99
https://www.oldtowntequila.com/cinco-sentidos-de-horno-mezcal-750ml/,DON MATEO,74.99
https://www.oldtowntequila.com/cinco-sentidos-de-horno-mezcal-750ml/,CUENTACUENTOS,124.99
https://www.oldtowntequila.com/cinco-sentidos-de-horno-mezcal-750ml/,QQRQMEZCAL,49.99
https://www.oldtowntequila.com/cinco-sentidos-de-horno-mezcal-750ml/,QQRQMEZCAL,129.99
https://www.oldtowntequila.com/cinco-sentidos-de-horno-mezcal-750ml/,QQRQMEZCAL,109.99
https://www.oldtowntequila.com/cinco-sentidos-de-horno-mezcal-750ml/,QQRQMEZCAL,109.99
https://www.oldtowntequila.com/cinco-sentidos-de-horno-mezcal-750ml/,CARRENO,59.99
https://www.oldtowntequila.com/cinco-sentidos-de-horno-mezcal-750ml/,NARAN,52.99
https://www.oldtowntequila.com/hacienda-oponguio-frutal-mezcal-750ml/,El Samaritano,99.99
https://www.oldtowntequila.com/hacienda-oponguio-frutal-mezcal-750ml/,El Samaritano,79.99
https://www.oldtowntequila.com/hacienda-oponguio-frutal-mezcal-750ml/,El Samaritano,79.99
https://www.oldtowntequila.com/hacienda-oponguio-frutal-mezcal-750ml/,El Samaritano,99.99
https://www.oldtowntequila.com/hacienda-oponguio-frutal-mezcal-750ml/,El Samaritano,114.99
https://www.oldtowntequila.com/hacienda-oponguio-frutal-mezcal-750ml/,Hacienda OPONGUIO,99.99
https://www.oldtowntequila.com/hacienda-oponguio-frutal-mezcal-750ml/,Hacienda OPONGUIO,119.99
https://www.oldtowntequila.com/hacienda-oponguio-frutal-mezcal-750ml/,Hacienda OPONGUIO,119.99
https://www.oldtowntequila.com/hacienda-oponguio-frutal-mezcal-750ml/,Hacienda OPONGUIO,119.99
https://www.oldtowntequila.com/hacienda-oponguio-frutal-mezcal-750ml/,CARRENO,109.99
https://www.oldtowntequila.com/hacienda-oponguio-frutal-mezcal-750ml/,CARRENO,109.99
https://www.oldtowntequila.com/hacienda-oponguio-frutal-mezcal-750ml/,CARRENO,109.99
https://www.oldtowntequila.com/hacienda-oponguio-frutal-mezcal-750ml/,CARRENO,109.99
https://www.oldtowntequila.com/hacienda-oponguio-frutal-mezcal-750ml/,Mitre Mezcal,69.99
https://www.oldtowntequila.com/hacienda-oponguio-frutal-mezcal-750ml/,PESCADOR DE SUENOS,249.99
https://www.oldtowntequila.com/hacienda-oponguio-frutal-mezcal-750ml/,TRES PAPALOTE,54.99
https://www.oldtowntequila.com/hacienda-oponguio-frutal-mezcal-750ml/,XICARU,21.99
https://www.oldtowntequila.com/hacienda-oponguio-frutal-mezcal-750ml/,DERRUMBES MEZCAL,22.99
https://www.oldtowntequila.com/hacienda-oponguio-frutal-mezcal-750ml/,DERRUMBES MEZCAL,29.99
https://www.oldtowntequila.com/hacienda-oponguio-frutal-mezcal-750ml/,DERRUMBES MEZCAL,22.99
https://www.oldtowntequila.com/hacienda-oponguio-frutal-mezcal-750ml/,DERRUMBES MEZCAL,23.99
https://www.oldtowntequila.com/hacienda-oponguio-frutal-mezcal-750ml/,Mezonte ,49.99
https://www.oldtowntequila.com/hacienda-oponguio-frutal-mezcal-750ml/,MEZCAL VAGO,54.99
https://www.oldtowntequila.com/hacienda-oponguio-frutal-mezcal-750ml/,CUENTACUENTOS,125.99
https://www.oldtowntequila.com/hacienda-oponguio-frutal-mezcal-750ml/,mezcalero,99.99
https://www.oldtowntequila.com/hacienda-oponguio-frutal-mezcal-750ml/,CUENTACUENTOS,119.99
https://www.oldtowntequila.com/hacienda-oponguio-frutal-mezcal-750ml/,mezcalero,139.99
https://www.oldtowntequila.com/hacienda-oponguio-frutal-mezcal-750ml/,CUENTACUENTOS,119.99
https://www.oldtowntequila.com/hacienda-oponguio-frutal-mezcal-750ml/,Alipus  Mezcal,119.99
https://www.oldtowntequila.com/hacienda-oponguio-frutal-mezcal-750ml/,CUENTACUENTOS,89.99
https://www.oldtowntequila.com/hacienda-oponguio-frutal-mezcal-750ml/,MEXICAT,43.99
https://www.oldtowntequila.com/hacienda-oponguio-frutal-mezcal-750ml/,Balam,69.99
https://www.oldtowntequila.com/hacienda-oponguio-frutal-mezcal-750ml/,Balam,75.99
https://www.oldtowntequila.com/hacienda-oponguio-frutal-mezcal-750ml/,Geu Beez,129.99
https://www.oldtowntequila.com/hacienda-oponguio-frutal-mezcal-750ml/,Geu Beez,69.99
https://www.oldtowntequila.com/hacienda-oponguio-frutal-mezcal-750ml/,Geu Beez,189.99
https://www.oldtowntequila.com/hacienda-oponguio-frutal-mezcal-750ml/,Rey Campero,149.99
https://www.oldtowntequila.com/hacienda-oponguio-frutal-mezcal-750ml/,Wahaka,18.99
https://www.oldtowntequila.com/hacienda-oponguio-frutal-mezcal-750ml/,Morro Mezcal,22.99
https://www.oldtowntequila.com/hacienda-oponguio-frutal-mezcal-750ml/,Morro Mezcal,109.99
https://www.oldtowntequila.com/casa-manglar-tobala-mezcal-750ml/,El Lobo de la Sierra,83.99
https://www.oldtowntequila.com/casa-manglar-tobala-mezcal-750ml/,MEZCAL VAGO,54.99
https://www.oldtowntequila.com/casa-manglar-tobala-mezcal-750ml/,EXILIADO,49.99
https://www.oldtowntequila.com/casa-manglar-tobala-mezcal-750ml/,EXILIADO,119.99
https://www.oldtowntequila.com/casa-manglar-tobala-mezcal-750ml/,EXILIADO,99.99
https://www.oldtowntequila.com/casa-manglar-tobala-mezcal-750ml/,FIRME,69.99
https://www.oldtowntequila.com/casa-manglar-tobala-mezcal-750ml/,FIRME,39.99
https://www.oldtowntequila.com/casa-manglar-tobala-mezcal-750ml/,Casa Manglar ,49.99
https://www.oldtowntequila.com/casa-manglar-tobala-mezcal-750ml/,Casa Manglar ,34.99
https://www.oldtowntequila.com/casa-manglar-tobala-mezcal-750ml/,Casa Manglar ,49.99
https://www.oldtowntequila.com/casa-manglar-tobala-mezcal-750ml/,Casa Manglar ,39.99
https://www.oldtowntequila.com/casa-manglar-tobala-mezcal-750ml/,Gusto Historico ,119.99
https://www.oldtowntequila.com/casa-manglar-tobala-mezcal-750ml/,Don Lorenzo,109.99
https://www.oldtowntequila.com/casa-manglar-tobala-mezcal-750ml/,BOSSCAL,79.99
https://www.oldtowntequila.com/casa-manglar-tobala-mezcal-750ml/,Amaras,
https://www.oldtowntequila.com/casa-manglar-tobala-mezcal-750ml/,Amaras,
https://www.oldtowntequila.com/casa-manglar-tobala-mezcal-750ml/,Vamonos Riendo,45.99
https://www.oldtowntequila.com/casa-manglar-tobala-mezcal-750ml/,1509 ,46.99
https://www.oldtowntequila.com/casa-manglar-tobala-mezcal-750ml/,Xiaman,
https://www.oldtowntequila.com/casa-manglar-tobala-mezcal-750ml/,Del Maguey,49.99
https://www.oldtowntequila.com/casa-manglar-tobala-mezcal-750ml/,Insolente Tequila ,49.99
https://www.oldtowntequila.com/casa-manglar-tobala-mezcal-750ml/,Real de 1950,27.99
https://www.oldtowntequila.com/casa-manglar-tobala-mezcal-750ml/,Real de 1950,28.99
https://www.oldtowntequila.com/casa-manglar-tobala-mezcal-750ml/,Amaras,
https://www.oldtowntequila.com/casa-manglar-tobala-mezcal-750ml/,Resol ,69.99
https://www.oldtowntequila.com/casa-manglar-tobala-mezcal-750ml/,Divino Maguey,39.99
https://www.oldtowntequila.com/casa-manglar-tobala-mezcal-750ml/,Divino Maguey,99.99
https://www.oldtowntequila.com/casa-manglar-tobala-mezcal-750ml/,Divino Maguey,84.99
https://www.oldtowntequila.com/casa-manglar-tobala-mezcal-750ml/,Madre Mezcal,39.99
https://www.oldtowntequila.com/casa-manglar-tobala-mezcal-750ml/,Dos Boots ,
https://www.oldtowntequila.com/casa-manglar-tobala-mezcal-750ml/,Dos Boots ,59.99
https://www.oldtowntequila.com/casa-manglar-tobala-mezcal-750ml/,XICARU,47.99
https://www.oldtowntequila.com/casa-manglar-tobala-mezcal-750ml/,real minero,199.99
https://www.oldtowntequila.com/casa-manglar-tobala-mezcal-750ml/,real minero,129.99
https://www.oldtowntequila.com/casa-manglar-tobala-mezcal-750ml/,Don Lorenzo,129.99
https://www.oldtowntequila.com/casa-manglar-tobala-mezcal-750ml/,,150.00
https://www.oldtowntequila.com/casa-manglar-tobala-mezcal-750ml/,Mezcalistas,164.00
https://www.oldtowntequila.com/casa-manglar-tobala-mezcal-750ml/,Mezcal Cómplice,59.99
https://www.oldtowntequila.com/casa-manglar-tobala-mezcal-750ml/,Mezcal Cómplice,124.99
https://www.oldtowntequila.com/casa-manglar-tobala-mezcal-750ml/,Mezcal Cómplice,154.99
https://www.oldtowntequila.com/salvadores-mezcal-tepeztate-joven-750ml/,Mezcal Cómplice,57.99
https://www.oldtowntequila.com/salvadores-mezcal-tepeztate-joven-750ml/,Mezcal Cómplice,74.99
https://www.oldtowntequila.com/salvadores-mezcal-tepeztate-joven-750ml/,Mezcal Cómplice,74.99
https://www.oldtowntequila.com/salvadores-mezcal-tepeztate-joven-750ml/,Mezcal Cómplice,139.99
https://www.oldtowntequila.com/salvadores-mezcal-tepeztate-joven-750ml/,Mezcal Cómplice,149.99
https://www.oldtowntequila.com/salvadores-mezcal-tepeztate-joven-750ml/,MEZCAL LEGENDARIO,54.99
https://www.oldtowntequila.com/salvadores-mezcal-tepeztate-joven-750ml/,Salvadores,99.99
https://www.oldtowntequila.com/salvadores-mezcal-tepeztate-joven-750ml/,Salvadores,109.99
https://www.oldtowntequila.com/salvadores-mezcal-tepeztate-joven-750ml/,Origen Raiz,86.99
https://www.oldtowntequila.com/salvadores-mezcal-tepeztate-joven-750ml/,Origen Raiz,76.99
https://www.oldtowntequila.com/salvadores-mezcal-tepeztate-joven-750ml/,Origen Raiz,42.99
https://www.oldtowntequila.com/salvadores-mezcal-tepeztate-joven-750ml/,Origen Raiz,49.99
https://www.oldtowntequila.com/salvadores-mezcal-tepeztate-joven-750ml/,Salvadores,59.99
https://www.oldtowntequila.com/salvadores-mezcal-tepeztate-joven-750ml/,Salvadores,66.99
https://www.oldtowntequila.com/salvadores-mezcal-tepeztate-joven-750ml/,Origen Raiz,74.99
https://www.oldtowntequila.com/salvadores-mezcal-tepeztate-joven-750ml/,Origen Raiz,94.99
https://www.oldtowntequila.com/salvadores-mezcal-tepeztate-joven-750ml/,La Luna Mezcal,57.99
https://www.oldtowntequila.com/salvadores-mezcal-tepeztate-joven-750ml/,El Güel,42.99
https://www.oldtowntequila.com/salvadores-mezcal-tepeztate-joven-750ml/,Resol ,46.99
https://www.oldtowntequila.com/salvadores-mezcal-tepeztate-joven-750ml/,Koch ,99.99
https://www.oldtowntequila.com/salvadores-mezcal-tepeztate-joven-750ml/,Mal de Amor,99.99
https://www.oldtowntequila.com/salvadores-mezcal-tepeztate-joven-750ml/,Mal de Amor,114.99
https://www.oldtowntequila.com/salvadores-mezcal-tepeztate-joven-750ml/,Mal de Amor,99.99
https://www.oldtowntequila.com/salvadores-mezcal-tepeztate-joven-750ml/,Mal de Amor,99.99
https://www.oldtowntequila.com/salvadores-mezcal-tepeztate-joven-750ml/,Mal de Amor,99.99
https://www.oldtowntequila.com/salvadores-mezcal-tepeztate-joven-750ml/,Mal de Amor,114.99
https://www.oldtowntequila.com/salvadores-mezcal-tepeztate-joven-750ml/,Mal de Amor,99.99
https://www.oldtowntequila.com/salvadores-mezcal-tepeztate-joven-750ml/,Mal de Amor,99.99
https://www.oldtowntequila.com/salvadores-mezcal-tepeztate-joven-750ml/,Mal de Amor,99.99
https://www.oldtowntequila.com/salvadores-mezcal-tepeztate-joven-750ml/,5 Sentidos,119.99
https://www.oldtowntequila.com/salvadores-mezcal-tepeztate-joven-750ml/,5 Sentidos,119.99
https://www.oldtowntequila.com/salvadores-mezcal-tepeztate-joven-750ml/,5 Sentidos,119.99
https://www.oldtowntequila.com/salvadores-mezcal-tepeztate-joven-750ml/,Mezcales de Leyenda,
https://www.oldtowntequila.com/salvadores-mezcal-tepeztate-joven-750ml/,Mezcales de Leyenda,
https://www.oldtowntequila.com/salvadores-mezcal-tepeztate-joven-750ml/,Mezcales de Leyenda,99.99
https://www.oldtowntequila.com/salvadores-mezcal-tepeztate-joven-750ml/,EL BUHO MEZCAL,39.99
https://www.oldtowntequila.com/salvadores-mezcal-tepeztate-joven-750ml/,EL BUHO MEZCAL,99.99
https://www.oldtowntequila.com/salvadores-mezcal-tepeztate-joven-750ml/,Mezcalosfera de Mezcaloteca,149.99
https://www.oldtowntequila.com/salvadores-mezcal-tepeztate-joven-750ml/,Cutwater,54.99
https://www.oldtowntequila.com/salvadores-mezcal-tepeztate-joven-750ml/,Cuish,84.99
https://www.oldtowntequila.com/diaz-brothers-agave-mezcal-mexicano-750ml/,Cuish,99.99
https://www.oldtowntequila.com/diaz-brothers-agave-mezcal-mexicano-750ml/,Pal'alma,134.99
https://www.oldtowntequila.com/diaz-brothers-agave-mezcal-mexicano-750ml/,Pal'alma,189.99
https://www.oldtowntequila.com/diaz-brothers-agave-mezcal-mexicano-750ml/,Pal'alma,179.99
https://www.oldtowntequila.com/diaz-brothers-agave-mezcal-mexicano-750ml/,Cuish,
https://www.oldtowntequila.com/diaz-brothers-agave-mezcal-mexicano-750ml/,La Luna Mezcal,89.99
https://www.oldtowntequila.com/diaz-brothers-agave-mezcal-mexicano-750ml/,Diaz Brothers Agave,49.99
https://www.oldtowntequila.com/diaz-brothers-agave-mezcal-mexicano-750ml/,Diaz Brothers Agave,99.99
https://www.oldtowntequila.com/diaz-brothers-agave-mezcal-mexicano-750ml/,Diaz Brothers Agave,99.99
https://www.oldtowntequila.com/diaz-brothers-agave-mezcal-mexicano-750ml/,Diaz Brothers Agave,99.99
https://www.oldtowntequila.com/diaz-brothers-agave-mezcal-mexicano-750ml/,Clase Azul tequila,769.99
https://www.oldtowntequila.com/diaz-brothers-agave-mezcal-mexicano-750ml/,La Luna Mezcal,4.99
https://www.oldtowntequila.com/diaz-brothers-agave-mezcal-mexicano-750ml/,LOS  NAHUALES,89.99
https://www.oldtowntequila.com/diaz-brothers-agave-mezcal-mexicano-750ml/,La Luna Mezcal,21.99
https://www.oldtowntequila.com/diaz-brothers-agave-mezcal-mexicano-750ml/,Rey Campero,32.99
https://www.oldtowntequila.com/diaz-brothers-agave-mezcal-mexicano-750ml/,Sombra,37.99
https://www.oldtowntequila.com/diaz-brothers-agave-mezcal-mexicano-750ml/,Siembra Metl ,179.99
https://www.oldtowntequila.com/diaz-brothers-agave-mezcal-mexicano-750ml/,Siembra Metl ,164.99
https://www.oldtowntequila.com/diaz-brothers-agave-mezcal-mexicano-750ml/,Gusto Historico ,119.99
https://www.oldtowntequila.com/diaz-brothers-agave-mezcal-mexicano-750ml/,Gusto Historico ,119.99
https://www.oldtowntequila.com/diaz-brothers-agave-mezcal-mexicano-750ml/,Gusto Historico ,99.99
https://www.oldtowntequila.com/diaz-brothers-agave-mezcal-mexicano-750ml/,Gusto Historico ,99.99
https://www.oldtowntequila.com/diaz-brothers-agave-mezcal-mexicano-750ml/,Espíritu Lauro,119.99
https://www.oldtowntequila.com/diaz-brothers-agave-mezcal-mexicano-750ml/,Huxal ,92.99
https://www.oldtowntequila.com/diaz-brothers-agave-mezcal-mexicano-750ml/,Huxal ,67.99
https://www.oldtowntequila.com/diaz-brothers-agave-mezcal-mexicano-750ml/,FIDENCIO,109.99
https://www.oldtowntequila.com/diaz-brothers-agave-mezcal-mexicano-750ml/,FIDENCIO,109.99
https://www.oldtowntequila.com/diaz-brothers-agave-mezcal-mexicano-750ml/,Espíritu Lauro,214.99
https://www.oldtowntequila.com/diaz-brothers-agave-mezcal-mexicano-750ml/,Espíritu Lauro,214.99
https://www.oldtowntequila.com/diaz-brothers-agave-mezcal-mexicano-750ml/,Espíritu Lauro,214.99
https://www.oldtowntequila.com/diaz-brothers-agave-mezcal-mexicano-750ml/,MG,59.99
https://www.oldtowntequila.com/diaz-brothers-agave-mezcal-mexicano-750ml/,Petunia,39.99
https://www.oldtowntequila.com/diaz-brothers-agave-mezcal-mexicano-750ml/,Prolijo,89.99
https://www.oldtowntequila.com/diaz-brothers-agave-mezcal-mexicano-750ml/,Prolijo,189.99
https://www.oldtowntequila.com/diaz-brothers-agave-mezcal-mexicano-750ml/,Prolijo,46.99
https://www.oldtowntequila.com/diaz-brothers-agave-mezcal-mexicano-750ml/,Izo Mezcal ,74.99
https://www.oldtowntequila.com/diaz-brothers-agave-mezcal-mexicano-750ml/,Izo Mezcal ,74.99
https://www.oldtowntequila.com/diaz-brothers-agave-mezcal-mexicano-750ml/,Dos Hombres,375.00
https://www.oldtowntequila.com/diaz-brothers-agave-mezcal-mexicano-750ml/,ESCORPION,
https://www.oldtowntequila.com/diaz-brothers-agave-mezcal-mexicano-750ml/,Wahaka,17.99
https://www.oldtowntequila.com/lobos-1707-mezcal-artesanal-750ml/,THE LOST EXPLORER MEZCAL,189.99
https://www.oldtowntequila.com/lobos-1707-mezcal-artesanal-750ml/,THE LOST EXPLORER MEZCAL,159.99
https://www.oldtowntequila.com/lobos-1707-mezcal-artesanal-750ml/,THE LOST EXPLORER MEZCAL,85.99
https://www.oldtowntequila.com/lobos-1707-mezcal-artesanal-750ml/,Lejana y Sola ,59.99
https://www.oldtowntequila.com/lobos-1707-mezcal-artesanal-750ml/,DERRUMBES MEZCAL,19.99
https://www.oldtowntequila.com/lobos-1707-mezcal-artesanal-750ml/,DERRUMBES MEZCAL,19.99
https://www.oldtowntequila.com/lobos-1707-mezcal-artesanal-750ml/,Bozal Mezcal,59.99
https://www.oldtowntequila.com/lobos-1707-mezcal-artesanal-750ml/,Lobos 1707,54.99
https://www.oldtowntequila.com/lobos-1707-mezcal-artesanal-750ml/,real minero,199.99
https://www.oldtowntequila.com/lobos-1707-mezcal-artesanal-750ml/,Palenqueros,
https://www.oldtowntequila.com/lobos-1707-mezcal-artesanal-750ml/,FIDENCIO,24.99
https://www.oldtowntequila.com/lobos-1707-mezcal-artesanal-750ml/,Palenqueros,79.99
https://www.oldtowntequila.com/lobos-1707-mezcal-artesanal-750ml/,Mezcalistas,47.99
https://www.oldtowntequila.com/lobos-1707-mezcal-artesanal-750ml/,Mezcalistas,98.99
https://www.oldtowntequila.com/lobos-1707-mezcal-artesanal-750ml/,Mezcalistas,49.99
https://www.oldtowntequila.com/lobos-1707-mezcal-artesanal-750ml/,EL BUHO MEZCAL,45.99
https://www.oldtowntequila.com/lobos-1707-mezcal-artesanal-750ml/,real minero,199.99
https://www.oldtowntequila.com/lobos-1707-mezcal-artesanal-750ml/,Rey Campero,179.99
https://www.oldtowntequila.com/lobos-1707-mezcal-artesanal-750ml/,Rey Campero,139.99
https://www.oldtowntequila.com/lobos-1707-mezcal-artesanal-750ml/,Rosaluna,39.99
https://www.oldtowntequila.com/lobos-1707-mezcal-artesanal-750ml/,ZIGNUM MEZCAL,39.99
https://www.oldtowntequila.com/lobos-1707-mezcal-artesanal-750ml/,Huxal ,84.99
https://www.oldtowntequila.com/lobos-1707-mezcal-artesanal-750ml/,real minero,199.99
https://www.oldtowntequila.com/lobos-1707-mezcal-artesanal-750ml/,tosba,169.99
https://www.oldtowntequila.com/lobos-1707-mezcal-artesanal-750ml/,Huxal ,89.99
https://www.oldtowntequila.com/lobos-1707-mezcal-artesanal-750ml/,Huxal ,84.99
https://www.oldtowntequila.com/lobos-1707-mezcal-artesanal-750ml/,Macurichos,129.99
https://www.oldtowntequila.com/lobos-1707-mezcal-artesanal-750ml/,Macurichos,129.99
https://www.oldtowntequila.com/lobos-1707-mezcal-artesanal-750ml/,Macurichos,129.99
https://www.oldtowntequila.com/lobos-1707-mezcal-artesanal-750ml/,Macurichos,89.99
https://www.oldtowntequila.com/lobos-1707-mezcal-artesanal-750ml/,Macurichos,109.99
https://www.oldtowntequila.com/lobos-1707-mezcal-artesanal-750ml/,Macurichos,129.99
https://www.oldtowntequila.com/lobos-1707-mezcal-artesanal-750ml/,Macurichos,149.99
https://www.oldtowntequila.com/lobos-1707-mezcal-artesanal-750ml/,Raiz Oaxaca,109.99
https://www.oldtowntequila.com/lobos-1707-mezcal-artesanal-750ml/,Raiz Oaxaca,99.99
https://www.oldtowntequila.com/lobos-1707-mezcal-artesanal-750ml/,Raiz Oaxaca,89.99
https://www.oldtowntequila.com/lobos-1707-mezcal-artesanal-750ml/,Raiz Oaxaca,89.99
https://www.oldtowntequila.com/lobos-1707-mezcal-artesanal-750ml/,Don Lorenzo,119.99
https://www.oldtowntequila.com/lobos-1707-mezcal-artesanal-750ml/,Raiz Oaxaca,59.99
https://www.oldtowntequila.com/lobos-1707-mezcal-artesanal-750ml/,Raiz Oaxaca,99.99
https://www.oldtowntequila.com/ojo-de-tigre-mezcal-750ml/,CRUZ DE FUEGO MEZCAL,95.99
https://www.oldtowntequila.com/ojo-de-tigre-mezcal-750ml/,Elenita ,13.99
https://www.oldtowntequila.com/ojo-de-tigre-mezcal-750ml/,Elenita ,13.99
https://www.oldtowntequila.com/ojo-de-tigre-mezcal-750ml/,Peloton De La Muerte,44.99
https://www.oldtowntequila.com/ojo-de-tigre-mezcal-750ml/,Peloton De La Muerte,52.99
https://www.oldtowntequila.com/ojo-de-tigre-mezcal-750ml/,Aprendiz,44.99
https://www.oldtowntequila.com/ojo-de-tigre-mezcal-750ml/,Ojo de Tigre ,12.99
https://www.oldtowntequila.com/ojo-de-tigre-mezcal-750ml/,Ojo de Tigre ,32.99
https://www.oldtowntequila.com/ojo-de-tigre-mezcal-750ml/,Salvacion,199.99
https://www.oldtowntequila.com/ojo-de-tigre-mezcal-750ml/,Salvacion,79.99
https://www.oldtowntequila.com/ojo-de-tigre-mezcal-750ml/,Yuu Baal,49.99
https://www.oldtowntequila.com/ojo-de-tigre-mezcal-750ml/,Yuu Baal,53.99
https://www.oldtowntequila.com/ojo-de-tigre-mezcal-750ml/,Nosotros,52.99
https://www.oldtowntequila.com/ojo-de-tigre-mezcal-750ml/,El De Bateo,45.99
https://www.oldtowntequila.com/ojo-de-tigre-mezcal-750ml/,GRACIAS A DIOS MEZCAL ,49.99
https://www.oldtowntequila.com/ojo-de-tigre-mezcal-750ml/,Don Ramon,59.99
https://www.oldtowntequila.com/ojo-de-tigre-mezcal-750ml/,La Luna Mezcal,45.99
https://www.oldtowntequila.com/ojo-de-tigre-mezcal-750ml/,Koch ,159.99
https://www.oldtowntequila.com/ojo-de-tigre-mezcal-750ml/,Gusano Rojo,29.99
https://www.oldtowntequila.com/ojo-de-tigre-mezcal-750ml/,Acre Mezcal,299.99
https://www.oldtowntequila.com/ojo-de-tigre-mezcal-750ml/,tosba,159.99
https://www.oldtowntequila.com/ojo-de-tigre-mezcal-750ml/,tosba,54.99
https://www.oldtowntequila.com/ojo-de-tigre-mezcal-750ml/,tosba,
https://www.oldtowntequila.com/ojo-de-tigre-mezcal-750ml/,tosba,134.99
https://www.oldtowntequila.com/ojo-de-tigre-mezcal-750ml/,Gul-Roo,59.99
https://www.oldtowntequila.com/ojo-de-tigre-mezcal-750ml/,Gul-Roo,94.99
https://www.oldtowntequila.com/ojo-de-tigre-mezcal-750ml/,Gul-Roo,69.99
https://www.oldtowntequila.com/ojo-de-tigre-mezcal-750ml/,Gul-Roo,42.99
https://www.oldtowntequila.com/ojo-de-tigre-mezcal-750ml/,EL RECUERDO MEZCAL,32.99
https://www.oldtowntequila.com/ojo-de-tigre-mezcal-750ml/,EL RECUERDO MEZCAL,27.49
https://www.oldtowntequila.com/ojo-de-tigre-mezcal-750ml/,El Rey Zapoteco,89.99
https://www.oldtowntequila.com/ojo-de-tigre-mezcal-750ml/,Espíritu Lauro,214.99
https://www.oldtowntequila.com/ojo-de-tigre-mezcal-750ml/,Reyes y Cobardes,
https://www.oldtowntequila.com/ojo-de-tigre-mezcal-750ml/,Don Lorenzo,
https://www.oldtowntequila.com/ojo-de-tigre-mezcal-750ml/,Don Lorenzo,98.99
https://www.oldtowntequila.com/ojo-de-tigre-mezcal-750ml/,Del Amigo ,37.99
https://www.oldtowntequila.com/ojo-de-tigre-mezcal-750ml/,Almamezcalera,129.99
https://www.oldtowntequila.com/ojo-de-tigre-mezcal-750ml/,El Rey Tequila,
https://www.oldtowntequila.com/ojo-de-tigre-mezcal-750ml/,MEZCAL LEGENDARIO,59.99
https://www.oldtowntequila.com/ojo-de-tigre-mezcal-750ml/,Del Maguey,179.99
https://www.oldtowntequila.com/la-medida-tobala-mezcal/,Señorio,59.99
https://www.oldtowntequila.com/la-medida-tobala-mezcal/,Burrito Fiestero ,119.99
https://www.oldtowntequila.com/la-medida-tobala-mezcal/,Señorio,49.99
https://www.oldtowntequila.com/la-medida-tobala-mezcal/,Burrito Fiestero ,42.99
https://www.oldtowntequila.com/la-medida-tobala-mezcal/,La Medida,129.99
https://www.oldtowntequila.com/la-medida-tobala-mezcal/,La Medida,119.99
https://www.oldtowntequila.com/la-medida-tobala-mezcal/,La Medida,119.99
https://www.oldtowntequila.com/la-medida-tobala-mezcal/,La Medida,124.99
https://www.oldtowntequila.com/la-medida-tobala-mezcal/,Encantadora,56.99
https://www.oldtowntequila.com/la-medida-tobala-mezcal/,Encantadora,54.99
https://www.oldtowntequila.com/la-medida-tobala-mezcal/,Mezcalosfera de Mezcaloteca,129.99
https://www.oldtowntequila.com/la-medida-tobala-mezcal/,Mezcalosfera de Mezcaloteca,129.99
https://www.oldtowntequila.com/la-medida-tobala-mezcal/,Cinco Elementos,109.99
https://www.oldtowntequila.com/la-medida-tobala-mezcal/,Cinco Elementos,96.99
https://www.oldtowntequila.com/la-medida-tobala-mezcal/,Cinco Elementos,59.99
https://www.oldtowntequila.com/la-medida-tobala-mezcal/,La Luna Mezcal,84.99
https://www.oldtowntequila.com/la-medida-tobala-mezcal/,La Luna Mezcal,99.99
https://www.oldtowntequila.com/la-medida-tobala-mezcal/,ILEGAL MEZCAL,169.99
https://www.oldtowntequila.com/la-medida-tobala-mezcal/,Acre Mezcal,121.99
https://www.oldtowntequila.com/la-medida-tobala-mezcal/,Acre Mezcal,91.99
https://www.oldtowntequila.com/la-medida-tobala-mezcal/,Acre Mezcal,42.99
https://www.oldtowntequila.com/la-medida-tobala-mezcal/,Acre Mezcal,48.99
https://www.oldtowntequila.com/la-medida-tobala-mezcal/,MINA REAL,39.99
https://www.oldtowntequila.com/la-medida-tobala-mezcal/,Palenqueros,79.99
https://www.oldtowntequila.com/la-medida-tobala-mezcal/,Mezcalistas,
https://www.oldtowntequila.com/la-medida-tobala-mezcal/,Lola Mezcal,36.99
https://www.oldtowntequila.com/la-medida-tobala-mezcal/,Santa Sabia,99.99
https://www.oldtowntequila.com/la-medida-tobala-mezcal/,Convite Mezcal,39.99
https://www.oldtowntequila.com/la-medida-tobala-mezcal/,La Luna Mezcal,99.99
https://www.oldtowntequila.com/la-medida-tobala-mezcal/,Local,32.99
https://www.oldtowntequila.com/la-medida-tobala-mezcal/,400 Conejos,27.99
https://www.oldtowntequila.com/la-medida-tobala-mezcal/,Salvacion,129.99
https://www.oldtowntequila.com/la-medida-tobala-mezcal/,Salvacion,129.99
https://www.oldtowntequila.com/la-medida-tobala-mezcal/,5 Sentidos,109.99
https://www.oldtowntequila.com/la-medida-tobala-mezcal/,5 Sentidos,139.99
https://www.oldtowntequila.com/la-medida-tobala-mezcal/,5 Sentidos,129.99
https://www.oldtowntequila.com/la-medida-tobala-mezcal/,Don Lorenzo,109.99
https://www.oldtowntequila.com/la-medida-tobala-mezcal/,Don Lorenzo,54.99
https://www.oldtowntequila.com/la-medida-tobala-mezcal/,Don Lorenzo,119.99
https://www.oldtowntequila.com/la-medida-tobala-mezcal/,Don Amado,99.99
https://www.oldtowntequila.com/legendario-domingo-michoacan-mezcal-artesanal-200ml/,Gusano Rojo,28.99
https://www.oldtowntequila.com/legendario-domingo-michoacan-mezcal-artesanal-200ml/,Del Maguey,119.99
https://www.oldtowntequila.com/legendario-domingo-michoacan-mezcal-artesanal-200ml/,Casta Tribal ,49.99
https://www.oldtowntequila.com/legendario-domingo-michoacan-mezcal-artesanal-200ml/,Don Amado,99.99
https://www.oldtowntequila.com/legendario-domingo-michoacan-mezcal-artesanal-200ml/,Koch ,99.99
https://www.oldtowntequila.com/legendario-domingo-michoacan-mezcal-artesanal-200ml/,MEZCAL LEGENDARIO,6.99
https://www.oldtowntequila.com/legendario-domingo-michoacan-mezcal-artesanal-200ml/,MEZCAL LEGENDARIO,16.99
https://www.oldtowntequila.com/legendario-domingo-michoacan-mezcal-artesanal-200ml/,MEZCAL LEGENDARIO,29.99
https://www.oldtowntequila.com/legendario-domingo-michoacan-mezcal-artesanal-200ml/,Apaluz,29.99
https://www.oldtowntequila.com/legendario-domingo-michoacan-mezcal-artesanal-200ml/,EL JOLGORIO,
https://www.oldtowntequila.com/legendario-domingo-michoacan-mezcal-artesanal-200ml/,EL BUHO MEZCAL,69.99
https://www.oldtowntequila.com/legendario-domingo-michoacan-mezcal-artesanal-200ml/,EL BUHO MEZCAL,69.99
https://www.oldtowntequila.com/legendario-domingo-michoacan-mezcal-artesanal-200ml/,EL BUHO MEZCAL,84.99
https://www.oldtowntequila.com/legendario-domingo-michoacan-mezcal-artesanal-200ml/,EL BUHO MEZCAL,99.99
https://www.oldtowntequila.com/legendario-domingo-michoacan-mezcal-artesanal-200ml/,La Jicarita,59.99
https://www.oldtowntequila.com/legendario-domingo-michoacan-mezcal-artesanal-200ml/,La Jicarita,81.99
https://www.oldtowntequila.com/legendario-domingo-michoacan-mezcal-artesanal-200ml/,Mestiza Negra,34.99
https://www.oldtowntequila.com/legendario-domingo-michoacan-mezcal-artesanal-200ml/,Grulani,139.00
https://www.oldtowntequila.com/legendario-domingo-michoacan-mezcal-artesanal-200ml/,Grulani,159.99
https://www.oldtowntequila.com/legendario-domingo-michoacan-mezcal-artesanal-200ml/,Grulani,110.00
https://www.oldtowntequila.com/legendario-domingo-michoacan-mezcal-artesanal-200ml/,XICARU,53.99
https://www.oldtowntequila.com/legendario-domingo-michoacan-mezcal-artesanal-200ml/,BANHEZ MEZCAL,129.99
https://www.oldtowntequila.com/legendario-domingo-michoacan-mezcal-artesanal-200ml/,BANHEZ MEZCAL,149.99
https://www.oldtowntequila.com/legendario-domingo-michoacan-mezcal-artesanal-200ml/,Alipus  Mezcal,74.99
https://www.oldtowntequila.com/legendario-domingo-michoacan-mezcal-artesanal-200ml/,Hacienda de Banuelos,89.99
https://www.oldtowntequila.com/legendario-domingo-michoacan-mezcal-artesanal-200ml/,Hacienda de Banuelos,109.99
https://www.oldtowntequila.com/legendario-domingo-michoacan-mezcal-artesanal-200ml/,Palenqueros,79.99
https://www.oldtowntequila.com/legendario-domingo-michoacan-mezcal-artesanal-200ml/,Palenqueros,79.99
https://www.oldtowntequila.com/legendario-domingo-michoacan-mezcal-artesanal-200ml/,Palenqueros,79.99
https://www.oldtowntequila.com/legendario-domingo-michoacan-mezcal-artesanal-200ml/,Palenqueros,79.99
https://www.oldtowntequila.com/legendario-domingo-michoacan-mezcal-artesanal-200ml/,mezcalero,99.99
https://www.oldtowntequila.com/legendario-domingo-michoacan-mezcal-artesanal-200ml/,mezcalero,99.99
https://www.oldtowntequila.com/legendario-domingo-michoacan-mezcal-artesanal-200ml/,DOS PERROS,79.99
https://www.oldtowntequila.com/legendario-domingo-michoacan-mezcal-artesanal-200ml/,Wahaka,149.99
https://www.oldtowntequila.com/legendario-domingo-michoacan-mezcal-artesanal-200ml/,Wahaka,159.99
https://www.oldtowntequila.com/legendario-domingo-michoacan-mezcal-artesanal-200ml/,Del Maguey,74.99
https://www.oldtowntequila.com/legendario-domingo-michoacan-mezcal-artesanal-200ml/,Peloton De La Muerte,14.99
https://www.oldtowntequila.com/legendario-domingo-michoacan-mezcal-artesanal-200ml/,El Silencio,2.99
https://www.oldtowntequila.com/legendario-domingo-michoacan-mezcal-artesanal-200ml/,Yola Mezcal,49.99
https://www.oldtowntequila.com/legendario-domingo-michoacan-mezcal-artesanal-200ml/,Sombra,179.99
https://www.oldtowntequila.com/noble-coyote-jabali-mezcal/,Agave Macho,69.99
https://www.oldtowntequila.com/noble-coyote-jabali-mezcal/,Agave Macho,64.99
https://www.oldtowntequila.com/noble-coyote-jabali-mezcal/,Agave Macho,59.99
https://www.oldtowntequila.com/noble-coyote-jabali-mezcal/,Agave Macho,59.99
https://www.oldtowntequila.com/noble-coyote-jabali-mezcal/,Agave Macho,54.99
https://www.oldtowntequila.com/noble-coyote-jabali-mezcal/,Noble Coyote,59.99
https://www.oldtowntequila.com/noble-coyote-jabali-mezcal/,Noble Coyote,99.99
https://www.oldtowntequila.com/noble-coyote-jabali-mezcal/,Noble Coyote,129.99
https://www.oldtowntequila.com/noble-coyote-jabali-mezcal/,Noble Coyote,99.99
https://www.oldtowntequila.com/noble-coyote-jabali-mezcal/,Noble Coyote,39.99
https://www.oldtowntequila.com/noble-coyote-jabali-mezcal/,DON ALBERTO,49.99
https://www.oldtowntequila.com/noble-coyote-jabali-mezcal/,Del Maguey,119.99
https://www.oldtowntequila.com/noble-coyote-jabali-mezcal/,Mal Bien Mezcal,85.99
https://www.oldtowntequila.com/noble-coyote-jabali-mezcal/,Morro Mezcal,59.99
https://www.oldtowntequila.com/noble-coyote-jabali-mezcal/,Gul-Roo,74.99
https://www.oldtowntequila.com/noble-coyote-jabali-mezcal/,Mal Bien Mezcal,89.99
https://www.oldtowntequila.com/noble-coyote-jabali-mezcal/,Mal Bien Mezcal,99.99
https://www.oldtowntequila.com/noble-coyote-jabali-mezcal/,Dos Hombres,54.99
https://www.oldtowntequila.com/noble-coyote-jabali-mezcal/,Mal Bien Mezcal,84.99
https://www.oldtowntequila.com/noble-coyote-jabali-mezcal/,Yuu Baal,169.99
https://www.oldtowntequila.com/noble-coyote-jabali-mezcal/,Yuu Baal,93.99
https://www.oldtowntequila.com/noble-coyote-jabali-mezcal/,Rayu,59.99
https://www.oldtowntequila.com/noble-coyote-jabali-mezcal/,ILEGAL MEZCAL,54.99
https://www.oldtowntequila.com/noble-coyote-jabali-mezcal/,ILEGAL MEZCAL,31.99
https://www.oldtowntequila.com/noble-coyote-jabali-mezcal/,ILEGAL MEZCAL,104.99
https://www.oldtowntequila.com/noble-coyote-jabali-mezcal/,ILEGAL MEZCAL,22.49
https://www.oldtowntequila.com/noble-coyote-jabali-mezcal/,DON MATEO,79.99
https://www.oldtowntequila.com/noble-coyote-jabali-mezcal/,NETA Spirits,149.99
https://www.oldtowntequila.com/noble-coyote-jabali-mezcal/,NETA Spirits,119.99
https://www.oldtowntequila.com/noble-coyote-jabali-mezcal/,NETA Spirits,119.99
https://www.oldtowntequila.com/noble-coyote-jabali-mezcal/,NETA Spirits,79.99
https://www.oldtowntequila.com/noble-coyote-jabali-mezcal/,QuiQuiRiQui,104.99
https://www.oldtowntequila.com/noble-coyote-jabali-mezcal/,Mezcales de Leyenda,36.99
https://www.oldtowntequila.com/noble-coyote-jabali-mezcal/,Hacienda de Banuelos,34.99
https://www.oldtowntequila.com/noble-coyote-jabali-mezcal/,Rezpiral ,129.99
https://www.oldtowntequila.com/noble-coyote-jabali-mezcal/,Rezpiral ,99.99
https://www.oldtowntequila.com/noble-coyote-jabali-mezcal/,5 Sentidos,119.99
https://www.oldtowntequila.com/noble-coyote-jabali-mezcal/,5 Sentidos,129.99
https://www.oldtowntequila.com/noble-coyote-jabali-mezcal/,5 Sentidos,119.99
https://www.oldtowntequila.com/noble-coyote-jabali-mezcal/,Farolito Mezcal,179.99
https://www.oldtowntequila.com/el-yope-jabali-mezcal/,Farolito Mezcal,179.99
https://www.oldtowntequila.com/el-yope-jabali-mezcal/,Farolito Mezcal,179.99
https://www.oldtowntequila.com/el-yope-jabali-mezcal/,Bozal Mezcal,93.99
https://www.oldtowntequila.com/el-yope-jabali-mezcal/,SIETE MISTERIOS,93.99
https://www.oldtowntequila.com/el-yope-jabali-mezcal/,SIETE MISTERIOS,134.98
https://www.oldtowntequila.com/el-yope-jabali-mezcal/,mezcalero,139.99
https://www.oldtowntequila.com/el-yope-jabali-mezcal/,mezcalero,99.99
https://www.oldtowntequila.com/el-yope-jabali-mezcal/,El Yope ,99.99
https://www.oldtowntequila.com/el-yope-jabali-mezcal/,El Yope ,79.99
https://www.oldtowntequila.com/el-yope-jabali-mezcal/,GEM&BOLT,16.99
https://www.oldtowntequila.com/el-yope-jabali-mezcal/,Montelobos,99.99
https://www.oldtowntequila.com/el-yope-jabali-mezcal/,Rey Campero,157.99
https://www.oldtowntequila.com/el-yope-jabali-mezcal/,Rey Campero,19.99
https://www.oldtowntequila.com/el-yope-jabali-mezcal/,Rey Campero,32.99
https://www.oldtowntequila.com/el-yope-jabali-mezcal/,Rey Campero,32.99
https://www.oldtowntequila.com/el-yope-jabali-mezcal/,Rey Campero,39.99
https://www.oldtowntequila.com/el-yope-jabali-mezcal/,Rey Campero,39.99
https://www.oldtowntequila.com/el-yope-jabali-mezcal/,Cuish,97.99
https://www.oldtowntequila.com/el-yope-jabali-mezcal/,Cuish,79.99
https://www.oldtowntequila.com/el-yope-jabali-mezcal/,Cuish,64.99
https://www.oldtowntequila.com/el-yope-jabali-mezcal/,PIERDE ALMAS,119.99
https://www.oldtowntequila.com/el-yope-jabali-mezcal/,Sacro Imperio Mezcal,59.99
https://www.oldtowntequila.com/el-yope-jabali-mezcal/,El Rey Zapoteco,89.99
https://www.oldtowntequila.com/el-yope-jabali-mezcal/,Erstwhile Mezcal,99.99
https://www.oldtowntequila.com/el-yope-jabali-mezcal/,Erstwhile Mezcal,99.99
https://www.oldtowntequila.com/el-yope-jabali-mezcal/,Erstwhile Mezcal,59.99
https://www.oldtowntequila.com/el-yope-jabali-mezcal/,El Rey Zapoteco,49.99
https://www.oldtowntequila.com/el-yope-jabali-mezcal/,El Rey Zapoteco,84.99
https://www.oldtowntequila.com/el-yope-jabali-mezcal/,Popol Vuh Mezcal,54.99
https://www.oldtowntequila.com/el-yope-jabali-mezcal/,BANHEZ MEZCAL,99.98
https://www.oldtowntequila.com/el-yope-jabali-mezcal/,BANHEZ MEZCAL,89.99
https://www.oldtowntequila.com/el-yope-jabali-mezcal/,Santa Sabia,99.99
https://www.oldtowntequila.com/el-yope-jabali-mezcal/,Santa Sabia,114.99
https://www.oldtowntequila.com/el-yope-jabali-mezcal/,Santa Sabia,99.99
https://www.oldtowntequila.com/el-yope-jabali-mezcal/,Santa Sabia,99.99
https://www.oldtowntequila.com/el-yope-jabali-mezcal/,Santa Sabia,389.99
https://www.oldtowntequila.com/el-yope-jabali-mezcal/,Erstwhile Mezcal,119.95
https://www.oldtowntequila.com/el-yope-jabali-mezcal/,Erstwhile Mezcal,119.95
https://www.oldtowntequila.com/el-yope-jabali-mezcal/,Erstwhile Mezcal,129.95
https://www.oldtowntequila.com/el-yope-jabali-mezcal/,Erstwhile Mezcal,109.95
https://www.oldtowntequila.com/caballito-cerrero-agave-chato-blanco-46/,Marca Negra,37.99
https://www.oldtowntequila.com/caballito-cerrero-agave-chato-blanco-46/,Origen Raiz,67.99
https://www.oldtowntequila.com/caballito-cerrero-agave-chato-blanco-46/,MEZCAL VAGO,99.99
https://www.oldtowntequila.com/caballito-cerrero-agave-chato-blanco-46/,Los Vecinos mezcal,28.99
https://www.oldtowntequila.com/caballito-cerrero-agave-chato-blanco-46/,Madre Mezcal,49.99
https://www.oldtowntequila.com/caballito-cerrero-agave-chato-blanco-46/,Madre Mezcal,19.99
https://www.oldtowntequila.com/caballito-cerrero-agave-chato-blanco-46/,QUIEREME MUCHO MEZCAL,109.99
https://www.oldtowntequila.com/caballito-cerrero-agave-chato-blanco-46/,Caballito Cerrero,79.99
https://www.oldtowntequila.com/caballito-cerrero-agave-chato-blanco-46/,Bozal Mezcal,119.99
https://www.oldtowntequila.com/caballito-cerrero-agave-chato-blanco-46/,Bozal Mezcal,119.99
https://www.oldtowntequila.com/caballito-cerrero-agave-chato-blanco-46/,Bozal Mezcal,64.99
https://www.oldtowntequila.com/caballito-cerrero-agave-chato-blanco-46/,Mezcalosfera de Mezcaloteca,149.99
https://www.oldtowntequila.com/caballito-cerrero-agave-chato-blanco-46/,Mezcalosfera de Mezcaloteca,149.99
https://www.oldtowntequila.com/caballito-cerrero-agave-chato-blanco-46/,Machetazo,38.99
https://www.oldtowntequila.com/caballito-cerrero-agave-chato-blanco-46/,Machetazo,44.99
https://www.oldtowntequila.com/caballito-cerrero-agave-chato-blanco-46/,El Silencio,65.99
https://www.oldtowntequila.com/caballito-cerrero-agave-chato-blanco-46/,GRACIAS A DIOS MEZCAL ,59.99
https://www.oldtowntequila.com/caballito-cerrero-agave-chato-blanco-46/,Mezonte ,148.95
https://www.oldtowntequila.com/caballito-cerrero-agave-chato-blanco-46/,Mezonte ,179.99
https://www.oldtowntequila.com/caballito-cerrero-agave-chato-blanco-46/,Convite Mezcal,52.95
https://www.oldtowntequila.com/caballito-cerrero-agave-chato-blanco-46/,Convite Mezcal,119.99
https://www.oldtowntequila.com/caballito-cerrero-agave-chato-blanco-46/,Convite Mezcal,62.95
https://www.oldtowntequila.com/caballito-cerrero-agave-chato-blanco-46/,Convite Mezcal,79.95
https://www.oldtowntequila.com/caballito-cerrero-agave-chato-blanco-46/,Convite Mezcal,94.95
https://www.oldtowntequila.com/caballito-cerrero-agave-chato-blanco-46/,Convite Mezcal,92.95
https://www.oldtowntequila.com/caballito-cerrero-agave-chato-blanco-46/,Maximo Mezcal,29.99
https://www.oldtowntequila.com/caballito-cerrero-agave-chato-blanco-46/,Rancho de la Luna,49.99
https://www.oldtowntequila.com/caballito-cerrero-agave-chato-blanco-46/,Xicala,39.99
https://www.oldtowntequila.com/caballito-cerrero-agave-chato-blanco-46/,Paquera Mezcal,49.99
https://www.oldtowntequila.com/caballito-cerrero-agave-chato-blanco-46/,Paquera Mezcal,68.99
https://www.oldtowntequila.com/caballito-cerrero-agave-chato-blanco-46/,Paquera Mezcal,39.99
https://www.oldtowntequila.com/caballito-cerrero-agave-chato-blanco-46/,BANHEZ MEZCAL,89.99
https://www.oldtowntequila.com/caballito-cerrero-agave-chato-blanco-46/,BANHEZ MEZCAL,29.99
https://www.oldtowntequila.com/caballito-cerrero-agave-chato-blanco-46/,Yuu Baal,46.99
https://www.oldtowntequila.com/caballito-cerrero-agave-chato-blanco-46/,Izo Mezcal ,57.99
https://www.oldtowntequila.com/caballito-cerrero-agave-chato-blanco-46/,,199.99
https://www.oldtowntequila.com/caballito-cerrero-agave-chato-blanco-46/,Don Lorenzo,94.99
https://www.oldtowntequila.com/caballito-cerrero-agave-chato-blanco-46/,Se Busca,49.99
https://www.oldtowntequila.com/caballito-cerrero-agave-chato-blanco-46/,Se Busca,44.99
https://www.oldtowntequila.com/caballito-cerrero-agave-chato-blanco-46/,Se Busca,39.99
https://www.oldtowntequila.com/casta-tribal-ensamble-joven-302-mezcal/,El Pintor,114.99
https://www.oldtowntequila.com/casta-tribal-ensamble-joven-302-mezcal/,MEZCAL UNION,54.99
https://www.oldtowntequila.com/casta-tribal-ensamble-joven-302-mezcal/,Del Maguey,119.99
https://www.oldtowntequila.com/casta-tribal-ensamble-joven-302-mezcal/,Metiche Mezcal ,42.99
https://www.oldtowntequila.com/casta-tribal-ensamble-joven-302-mezcal/,Metiche Mezcal ,49.99
https://www.oldtowntequila.com/casta-tribal-ensamble-joven-302-mezcal/,Rey Campero,119.99
https://www.oldtowntequila.com/casta-tribal-ensamble-joven-302-mezcal/,BRUXO MEZCAL,39.99
https://www.oldtowntequila.com/casta-tribal-ensamble-joven-302-mezcal/,Casta Tribal ,79.99
https://www.oldtowntequila.com/casta-tribal-ensamble-joven-302-mezcal/,Casta Tribal ,74.99
https://www.oldtowntequila.com/casta-tribal-ensamble-joven-302-mezcal/,Casta Tribal ,59.99
https://www.oldtowntequila.com/casta-tribal-ensamble-joven-302-mezcal/,,374.99
https://www.oldtowntequila.com/casta-tribal-ensamble-joven-302-mezcal/,,724.99
https://www.oldtowntequila.com/casta-tribal-ensamble-joven-302-mezcal/,Mezcal Nacional ,109.99
https://www.oldtowntequila.com/casta-tribal-ensamble-joven-302-mezcal/,Siembra Azul,79.99
https://www.oldtowntequila.com/casta-tribal-ensamble-joven-302-mezcal/,EL JOLGORIO,179.99
https://www.oldtowntequila.com/casta-tribal-ensamble-joven-302-mezcal/,Yuu Baal,59.99
https://www.oldtowntequila.com/casta-tribal-ensamble-joven-302-mezcal/,La Herencia de Sanchez,109.99
https://www.oldtowntequila.com/casta-tribal-ensamble-joven-302-mezcal/,La Herencia de Sanchez,119.99
https://www.oldtowntequila.com/casta-tribal-ensamble-joven-302-mezcal/,Lalocura Mezcal,149.99
https://www.oldtowntequila.com/casta-tribal-ensamble-joven-302-mezcal/,Lalocura Mezcal,199.99
https://www.oldtowntequila.com/casta-tribal-ensamble-joven-302-mezcal/,Wahaka,289.99
https://www.oldtowntequila.com/casta-tribal-ensamble-joven-302-mezcal/,Wahaka,289.99
https://www.oldtowntequila.com/casta-tribal-ensamble-joven-302-mezcal/,Mal Bien Mezcal,39.99
https://www.oldtowntequila.com/casta-tribal-ensamble-joven-302-mezcal/,Zacbe Mezcal,69.99
https://www.oldtowntequila.com/casta-tribal-ensamble-joven-302-mezcal/,Shawi Mezcal,39.99
https://www.oldtowntequila.com/casta-tribal-ensamble-joven-302-mezcal/,Nucano Mezcal,44.99
https://www.oldtowntequila.com/casta-tribal-ensamble-joven-302-mezcal/,Nucano Mezcal,49.99
https://www.oldtowntequila.com/casta-tribal-ensamble-joven-302-mezcal/,Nucano Mezcal,59.99
https://www.oldtowntequila.com/casta-tribal-ensamble-joven-302-mezcal/,real minero,135.99
https://www.oldtowntequila.com/casta-tribal-ensamble-joven-302-mezcal/,real minero,99.99
https://www.oldtowntequila.com/casta-tribal-ensamble-joven-302-mezcal/,Animas,99.99
https://www.oldtowntequila.com/casta-tribal-ensamble-joven-302-mezcal/,Animas,69.99
https://www.oldtowntequila.com/casta-tribal-ensamble-joven-302-mezcal/,Animas,49.99
https://www.oldtowntequila.com/casta-tribal-ensamble-joven-302-mezcal/,EL BUHO MEZCAL,69.99
https://www.oldtowntequila.com/casta-tribal-ensamble-joven-302-mezcal/,Puntagave,55.99
https://www.oldtowntequila.com/casta-tribal-ensamble-joven-302-mezcal/,Puntagave,74.99
https://www.oldtowntequila.com/casta-tribal-ensamble-joven-302-mezcal/,Puntagave,55.99
https://www.oldtowntequila.com/casta-tribal-ensamble-joven-302-mezcal/,Puntagave,74.99
https://www.oldtowntequila.com/casta-tribal-ensamble-joven-302-mezcal/,Mezcalosfera de Mezcaloteca,169.99
https://www.oldtowntequila.com/casta-tribal-ensamble-joven-302-mezcal/,Mezcal Nacional ,129.99
https://www.oldtowntequila.com/el-buho-especial-tepextate-mezcal-48-alc/,ILEGAL MEZCAL,12.99
https://www.oldtowntequila.com/el-buho-especial-tepextate-mezcal-48-alc/,Wahaka,299.99
https://www.oldtowntequila.com/el-buho-especial-tepextate-mezcal-48-alc/,Espíritu Lauro,159.99
https://www.oldtowntequila.com/el-buho-especial-tepextate-mezcal-48-alc/,Espíritu Lauro,94.99
https://www.oldtowntequila.com/el-buho-especial-tepextate-mezcal-48-alc/,Mezcal Divino,45.99
https://www.oldtowntequila.com/el-buho-especial-tepextate-mezcal-48-alc/,GEM&BOLT,36.99
https://www.oldtowntequila.com/el-buho-especial-tepextate-mezcal-48-alc/,EL BUHO MEZCAL,99.99
https://www.oldtowntequila.com/el-buho-especial-tepextate-mezcal-48-alc/,EL BUHO MEZCAL,99.99
https://www.oldtowntequila.com/el-buho-especial-tepextate-mezcal-48-alc/,EL BUHO MEZCAL,39.99
https://www.oldtowntequila.com/el-buho-especial-tepextate-mezcal-48-alc/,Casamigos,54.99
https://www.oldtowntequila.com/el-buho-especial-tepextate-mezcal-48-alc/,Casamigos,67.99
https://www.oldtowntequila.com/el-buho-especial-tepextate-mezcal-48-alc/,CLANDE SOTOL,96.99
https://www.oldtowntequila.com/el-buho-especial-tepextate-mezcal-48-alc/,CLANDE SOTOL,99.99
https://www.oldtowntequila.com/el-buho-especial-tepextate-mezcal-48-alc/,Del Maguey,119.99
https://www.oldtowntequila.com/el-buho-especial-tepextate-mezcal-48-alc/,Mezcalosfera de Mezcaloteca,129.99
https://www.oldtowntequila.com/el-buho-especial-tepextate-mezcal-48-alc/,La Luna Mezcal,49.99
https://www.oldtowntequila.com/el-buho-especial-tepextate-mezcal-48-alc/,Wahaka,99.99
https://www.oldtowntequila.com/el-buho-especial-tepextate-mezcal-48-alc/,Corte Vetusto ,79.99
https://www.oldtowntequila.com/el-buho-especial-tepextate-mezcal-48-alc/,Corte Vetusto ,129.99
https://www.oldtowntequila.com/el-buho-especial-tepextate-mezcal-48-alc/,Corte Vetusto ,129.99
https://www.oldtowntequila.com/el-buho-especial-tepextate-mezcal-48-alc/,Mezcal Nacional ,84.99
https://www.oldtowntequila.com/el-buho-especial-tepextate-mezcal-48-alc/,Olvido ,899.99
https://www.oldtowntequila.com/el-buho-especial-tepextate-mezcal-48-alc/,Mestizo Mezcal ,65.99
https://www.oldtowntequila.com/el-buho-especial-tepextate-mezcal-48-alc/,Mestizo Mezcal ,49.99
https://www.oldtowntequila.com/el-buho-especial-tepextate-mezcal-48-alc/,Mestizo Mezcal ,39.99
https://www.oldtowntequila.com/el-buho-especial-tepextate-mezcal-48-alc/,PIERDE ALMAS,42.99
https://www.oldtowntequila.com/el-buho-especial-tepextate-mezcal-48-alc/,Benesin,46.99
https://www.oldtowntequila.com/el-buho-especial-tepextate-mezcal-48-alc/,El Mero Mero ,89.99
https://www.oldtowntequila.com/el-buho-especial-tepextate-mezcal-48-alc/,La Higuera Sotol ,46.99
https://www.oldtowntequila.com/el-buho-especial-tepextate-mezcal-48-alc/,La Higuera ,46.99
https://www.oldtowntequila.com/el-buho-especial-tepextate-mezcal-48-alc/,La Higuera ,39.99
https://www.oldtowntequila.com/el-buho-especial-tepextate-mezcal-48-alc/,MEZCAL LEGENDARIO,89.99
https://www.oldtowntequila.com/el-buho-especial-tepextate-mezcal-48-alc/,El Mero Mero ,52.99
https://www.oldtowntequila.com/el-buho-especial-tepextate-mezcal-48-alc/,El Mero Mero ,74.99
https://www.oldtowntequila.com/el-buho-especial-tepextate-mezcal-48-alc/,La Venenosa,269.99
https://www.oldtowntequila.com/el-buho-especial-tepextate-mezcal-48-alc/,SIETE MISTERIOS,99.99
https://www.oldtowntequila.com/el-buho-especial-tepextate-mezcal-48-alc/,SIETE MISTERIOS,39.99
https://www.oldtowntequila.com/el-buho-especial-tepextate-mezcal-48-alc/,Alipus  Mezcal,44.99
https://www.oldtowntequila.com/el-buho-especial-tepextate-mezcal-48-alc/,Gran Mitla,21.99
https://www.oldtowntequila.com/el-buho-especial-tepextate-mezcal-48-alc/,Gran Milta,17.49
https://www.oldtowntequila.com/el-yope-joven-espadin-mezcal/,Gran Milta,21.99
https://www.oldtowntequila.com/el-yope-joven-espadin-mezcal/,El Yope ,69.99
https://www.oldtowntequila.com/el-yope-joven-espadin-mezcal/,El Yope ,69.99
https://www.oldtowntequila.com/el-yope-joven-espadin-mezcal/,El Yope ,69.99
https://www.oldtowntequila.com/el-yope-joven-espadin-mezcal/,El Yope ,69.99
https://www.oldtowntequila.com/el-yope-joven-espadin-mezcal/,El Yope ,69.99
https://www.oldtowntequila.com/el-yope-joven-espadin-mezcal/,El Yope ,69.99
https://www.oldtowntequila.com/el-yope-joven-espadin-mezcal/,El Yope ,49.99
https://www.oldtowntequila.com/el-yope-joven-espadin-mezcal/,Kikapoo ,29.99
https://www.oldtowntequila.com/el-yope-joven-espadin-mezcal/,Mortal Mezcal De Oaxaca ,39.99
https://www.oldtowntequila.com/el-yope-joven-espadin-mezcal/,Mortal Mezcal De Oaxaca ,49.99
https://www.oldtowntequila.com/el-yope-joven-espadin-mezcal/,ESCORPION,29.99
https://www.oldtowntequila.com/el-yope-joven-espadin-mezcal/,ESCORPION,29.99
https://www.oldtowntequila.com/el-yope-joven-espadin-mezcal/,CRUZ DE FUEGO MEZCAL,94.99
https://www.oldtowntequila.com/el-yope-joven-espadin-mezcal/,CRUZ DE FUEGO MEZCAL,54.99
https://www.oldtowntequila.com/el-yope-joven-espadin-mezcal/,CRUZ DE FUEGO MEZCAL,89.99
https://www.oldtowntequila.com/el-yope-joven-espadin-mezcal/,CRUZ DE FUEGO MEZCAL,87.99
https://www.oldtowntequila.com/el-yope-joven-espadin-mezcal/,CRUZ DE FUEGO MEZCAL,41.99
https://www.oldtowntequila.com/el-yope-joven-espadin-mezcal/,ESCORPION,29.99
https://www.oldtowntequila.com/el-yope-joven-espadin-mezcal/,Hacienda de Chihuahua,37.99
https://www.oldtowntequila.com/el-yope-joven-espadin-mezcal/,Joyas Oaxaquenas ,3.99
https://www.oldtowntequila.com/el-yope-joven-espadin-mezcal/,La Nina,109.99
https://www.oldtowntequila.com/el-yope-joven-espadin-mezcal/,La Nina,92.99
https://www.oldtowntequila.com/el-yope-joven-espadin-mezcal/,BOSSCAL,69.99
https://www.oldtowntequila.com/el-yope-joven-espadin-mezcal/,Rayu,32.99
https://www.oldtowntequila.com/el-yope-joven-espadin-mezcal/,XICARU,45.75
https://www.oldtowntequila.com/el-yope-joven-espadin-mezcal/,mezcalero,139.99
https://www.oldtowntequila.com/el-yope-joven-espadin-mezcal/,mezcalero,199.99
https://www.oldtowntequila.com/el-yope-joven-espadin-mezcal/,Santa Sabia,299.99
https://www.oldtowntequila.com/el-yope-joven-espadin-mezcal/,GRACIAS A DIOS MEZCAL ,89.99
https://www.oldtowntequila.com/el-yope-joven-espadin-mezcal/,GRACIAS A DIOS MEZCAL ,89.99
https://www.oldtowntequila.com/el-yope-joven-espadin-mezcal/,MIEL DE TIERRA MEZCAL,39.99
https://www.oldtowntequila.com/el-yope-joven-espadin-mezcal/,Amaras,29.99
https://www.oldtowntequila.com/el-yope-joven-espadin-mezcal/,Fabriquero Sotol,62.99
https://www.oldtowntequila.com/el-yope-joven-espadin-mezcal/,mezcalero,99.99
https://www.oldtowntequila.com/el-yope-joven-espadin-mezcal/,QUIEREME MUCHO MEZCAL,250.00
https://www.oldtowntequila.com/el-yope-joven-espadin-mezcal/,QUIEREME MUCHO MEZCAL,99.99
https://www.oldtowntequila.com/el-yope-joven-espadin-mezcal/,QUIEREME MUCHO MEZCAL,79.99
https://www.oldtowntequila.com/el-yope-joven-espadin-mezcal/,QUIEREME MUCHO MEZCAL,109.99
https://www.oldtowntequila.com/el-yope-joven-espadin-mezcal/,Hacienda de Chihuahua,24.94
https://www.oldtowntequila.com/cobardes-mezcal-salmiana-joven-1-liter/,Mezcalosfera de Mezcaloteca,199.99
https://www.oldtowntequila.com/cobardes-mezcal-salmiana-joven-1-liter/,Koch ,119.99
https://www.oldtowntequila.com/cobardes-mezcal-salmiana-joven-1-liter/,,69.99
https://www.oldtowntequila.com/cobardes-mezcal-salmiana-joven-1-liter/,Koch ,199.99
https://www.oldtowntequila.com/cobardes-mezcal-salmiana-joven-1-liter/,,52.99
https://www.oldtowntequila.com/cobardes-mezcal-salmiana-joven-1-liter/,Alipus  Mezcal,69.99
https://www.oldtowntequila.com/cobardes-mezcal-salmiana-joven-1-liter/,Riazul,49.99
https://www.oldtowntequila.com/cobardes-mezcal-salmiana-joven-1-liter/, COBARDES MEZCAL,39.99
https://www.oldtowntequila.com/cobardes-mezcal-salmiana-joven-1-liter/, COBARDES MEZCAL,39.99
https://www.oldtowntequila.com/cobardes-mezcal-salmiana-joven-1-liter/,Sacacuento,99.99
https://www.oldtowntequila.com/cobardes-mezcal-salmiana-joven-1-liter/,Sacacuento,39.99
https://www.oldtowntequila.com/cobardes-mezcal-salmiana-joven-1-liter/,Sacacuento,99.99
https://www.oldtowntequila.com/cobardes-mezcal-salmiana-joven-1-liter/,Sacacuento,69.99
https://www.oldtowntequila.com/cobardes-mezcal-salmiana-joven-1-liter/,COMITECO 9 GUARDIANES,61.99
https://www.oldtowntequila.com/cobardes-mezcal-salmiana-joven-1-liter/,DERRUMBES MEZCAL,84.99
https://www.oldtowntequila.com/cobardes-mezcal-salmiana-joven-1-liter/,DERRUMBES MEZCAL,69.99
https://www.oldtowntequila.com/cobardes-mezcal-salmiana-joven-1-liter/,DERRUMBES MEZCAL,79.99
https://www.oldtowntequila.com/cobardes-mezcal-salmiana-joven-1-liter/,Mezcalosfera de Mezcaloteca,179.99
https://www.oldtowntequila.com/cobardes-mezcal-salmiana-joven-1-liter/,Mezcalosfera de Mezcaloteca,179.99
https://www.oldtowntequila.com/cobardes-mezcal-salmiana-joven-1-liter/,Rey Campero,149.99
https://www.oldtowntequila.com/cobardes-mezcal-salmiana-joven-1-liter/,EL JOLGORIO,199.99
https://www.oldtowntequila.com/cobardes-mezcal-salmiana-joven-1-liter/,Rayu,32.99
https://www.oldtowntequila.com/cobardes-mezcal-salmiana-joven-1-liter/,QuiQuiRiQui,64.99
https://www.oldtowntequila.com/cobardes-mezcal-salmiana-joven-1-liter/,Dos Jaimes,79.99
https://www.oldtowntequila.com/cobardes-mezcal-salmiana-joven-1-liter/,Scorpion,219.98
https://www.oldtowntequila.com/cobardes-mezcal-salmiana-joven-1-liter/,SIETE MISTERIOS,108.98
https://www.oldtowntequila.com/cobardes-mezcal-salmiana-joven-1-liter/,Riazul,59.99
https://www.oldtowntequila.com/cobardes-mezcal-salmiana-joven-1-liter/,Bozal Mezcal,119.99
https://www.oldtowntequila.com/cobardes-mezcal-salmiana-joven-1-liter/,Bozal Mezcal,94.99
https://www.oldtowntequila.com/cobardes-mezcal-salmiana-joven-1-liter/,El Secreto  Mezcal,34.99
https://www.oldtowntequila.com/cobardes-mezcal-salmiana-joven-1-liter/,Mezcales de Leyenda,79.99
https://www.oldtowntequila.com/cobardes-mezcal-salmiana-joven-1-liter/,Rey Campero,129.99
https://www.oldtowntequila.com/cobardes-mezcal-salmiana-joven-1-liter/,RANCHO TEPUA,64.99
https://www.oldtowntequila.com/cobardes-mezcal-salmiana-joven-1-liter/,MIEL DE TIERRA MEZCAL,54.99
https://www.oldtowntequila.com/cobardes-mezcal-salmiana-joven-1-liter/,MIEL DE TIERRA MEZCAL,57.98
https://www.oldtowntequila.com/cobardes-mezcal-salmiana-joven-1-liter/,MIEL DE TIERRA MEZCAL,67.98
https://www.oldtowntequila.com/cobardes-mezcal-salmiana-joven-1-liter/,MIEL DE TIERRA MEZCAL,74.98
https://www.oldtowntequila.com/cobardes-mezcal-salmiana-joven-1-liter/,La Nina,49.99
https://www.oldtowntequila.com/cobardes-mezcal-salmiana-joven-1-liter/,LOS  NAHUALES,89.99
https://www.oldtowntequila.com/cobardes-mezcal-salmiana-joven-1-liter/,MayAlen Mezcal,49.99
https://www.oldtowntequila.com/sangre-de-vida-4-mini-bottles-set-tequila-and-mezcal/,MayAlen Mezcal,39.99
https://www.oldtowntequila.com/sangre-de-vida-4-mini-bottles-set-tequila-and-mezcal/,MayAlen Mezcal,56.98
https://www.oldtowntequila.com/sangre-de-vida-4-mini-bottles-set-tequila-and-mezcal/,MayAlen Mezcal,39.99
https://www.oldtowntequila.com/sangre-de-vida-4-mini-bottles-set-tequila-and-mezcal/,Santo,44.99
https://www.oldtowntequila.com/sangre-de-vida-4-mini-bottles-set-tequila-and-mezcal/,Del Maguey,72.99
https://www.oldtowntequila.com/sangre-de-vida-4-mini-bottles-set-tequila-and-mezcal/,La Luna Mezcal,36.99
https://www.oldtowntequila.com/sangre-de-vida-4-mini-bottles-set-tequila-and-mezcal/,CRANEO MEZCAL,52.99
https://www.oldtowntequila.com/sangre-de-vida-4-mini-bottles-set-tequila-and-mezcal/,sangre de vida,34.99
https://www.oldtowntequila.com/sangre-de-vida-4-mini-bottles-set-tequila-and-mezcal/,Mezcalosfera de Mezcaloteca,179.98
https://www.oldtowntequila.com/sangre-de-vida-4-mini-bottles-set-tequila-and-mezcal/,MANO NEGRA,99.99
https://www.oldtowntequila.com/sangre-de-vida-4-mini-bottles-set-tequila-and-mezcal/,MANO NEGRA,99.99
https://www.oldtowntequila.com/sangre-de-vida-4-mini-bottles-set-tequila-and-mezcal/,MEZCAL UNION,34.99
https://www.oldtowntequila.com/sangre-de-vida-4-mini-bottles-set-tequila-and-mezcal/,MEZCAL LEGENDARIO,39.99
https://www.oldtowntequila.com/sangre-de-vida-4-mini-bottles-set-tequila-and-mezcal/,Bozal Mezcal,59.98
https://www.oldtowntequila.com/sangre-de-vida-4-mini-bottles-set-tequila-and-mezcal/,Bozal Mezcal,49.99
https://www.oldtowntequila.com/sangre-de-vida-4-mini-bottles-set-tequila-and-mezcal/,Bozal Mezcal,85.98
https://www.oldtowntequila.com/sangre-de-vida-4-mini-bottles-set-tequila-and-mezcal/,Bozal Mezcal,59.98
https://www.oldtowntequila.com/sangre-de-vida-4-mini-bottles-set-tequila-and-mezcal/,Balam,64.99
https://www.oldtowntequila.com/sangre-de-vida-4-mini-bottles-set-tequila-and-mezcal/,Balam,75.99
https://www.oldtowntequila.com/sangre-de-vida-4-mini-bottles-set-tequila-and-mezcal/,XICARU,41.85
https://www.oldtowntequila.com/sangre-de-vida-4-mini-bottles-set-tequila-and-mezcal/,Hacienda de Chihuahua,37.98
https://www.oldtowntequila.com/sangre-de-vida-4-mini-bottles-set-tequila-and-mezcal/,ZIGNUM MEZCAL,59.99
https://www.oldtowntequila.com/sangre-de-vida-4-mini-bottles-set-tequila-and-mezcal/,Rey Campero,119.99
https://www.oldtowntequila.com/sangre-de-vida-4-mini-bottles-set-tequila-and-mezcal/,Marca Negra,99.99
https://www.oldtowntequila.com/sangre-de-vida-4-mini-bottles-set-tequila-and-mezcal/,Marca Negra,119.98
https://www.oldtowntequila.com/sangre-de-vida-4-mini-bottles-set-tequila-and-mezcal/,GRACIAS A DIOS MEZCAL ,49.99
https://www.oldtowntequila.com/sangre-de-vida-4-mini-bottles-set-tequila-and-mezcal/,GRACIAS A DIOS MEZCAL ,89.99
https://www.oldtowntequila.com/sangre-de-vida-4-mini-bottles-set-tequila-and-mezcal/,BANHEZ MEZCAL,41.98
https://www.oldtowntequila.com/sangre-de-vida-4-mini-bottles-set-tequila-and-mezcal/,TRES PAPALOTE,57.98
https://www.oldtowntequila.com/sangre-de-vida-4-mini-bottles-set-tequila-and-mezcal/,TRES PAPALOTE,46.89
https://www.oldtowntequila.com/sangre-de-vida-4-mini-bottles-set-tequila-and-mezcal/,MEZCAL VAGO,115.98
https://www.oldtowntequila.com/sangre-de-vida-4-mini-bottles-set-tequila-and-mezcal/,MEZCAL VAGO,89.98
https://www.oldtowntequila.com/sangre-de-vida-4-mini-bottles-set-tequila-and-mezcal/,Agave de Cortes,39.99
https://www.oldtowntequila.com/sangre-de-vida-4-mini-bottles-set-tequila-and-mezcal/,Hacienda de Chihuahua,86.99
https://www.oldtowntequila.com/sangre-de-vida-4-mini-bottles-set-tequila-and-mezcal/,Don Amado,98.89
https://www.oldtowntequila.com/sangre-de-vida-4-mini-bottles-set-tequila-and-mezcal/,Don Amado,98.89
https://www.oldtowntequila.com/sangre-de-vida-4-mini-bottles-set-tequila-and-mezcal/,Don Amado,98.89
https://www.oldtowntequila.com/sangre-de-vida-4-mini-bottles-set-tequila-and-mezcal/,SIETE MISTERIOS,119.99
https://www.oldtowntequila.com/sangre-de-vida-4-mini-bottles-set-tequila-and-mezcal/,BRUXO MEZCAL,109.99
https://www.oldtowntequila.com/sangre-de-vida-4-mini-bottles-set-tequila-and-mezcal/,BRUXO MEZCAL,68.99
https://www.oldtowntequila.com/yuu-baal-joven-madrecuixe-mezcal/,BRUXO MEZCAL,59.99
https://www.oldtowntequila.com/yuu-baal-joven-madrecuixe-mezcal/,BRUXO MEZCAL,48.98
https://www.oldtowntequila.com/yuu-baal-joven-madrecuixe-mezcal/,BRUXO MEZCAL,79.99
https://www.oldtowntequila.com/yuu-baal-joven-madrecuixe-mezcal/,mezcalero,139.95
https://www.oldtowntequila.com/yuu-baal-joven-madrecuixe-mezcal/,mezcalero,93.98
https://www.oldtowntequila.com/yuu-baal-joven-madrecuixe-mezcal/,La Nina,99.99
https://www.oldtowntequila.com/yuu-baal-joven-madrecuixe-mezcal/,Yuu Baal,119.98
https://www.oldtowntequila.com/yuu-baal-joven-madrecuixe-mezcal/,Yuu Baal,118.98
https://www.oldtowntequila.com/yuu-baal-joven-madrecuixe-mezcal/,Yuu Baal,118.98
https://www.oldtowntequila.com/yuu-baal-joven-madrecuixe-mezcal/,Yuu Baal,53.99
https://www.oldtowntequila.com/yuu-baal-joven-madrecuixe-mezcal/,Yuu Baal,49.98
https://www.oldtowntequila.com/yuu-baal-joven-madrecuixe-mezcal/,Yuu Baal,35.99
https://www.oldtowntequila.com/yuu-baal-joven-madrecuixe-mezcal/,CREYENTE MEZCAL,46.99
https://www.oldtowntequila.com/yuu-baal-joven-madrecuixe-mezcal/,OCHO CIENTOS,69.99
https://www.oldtowntequila.com/yuu-baal-joven-madrecuixe-mezcal/,LOS JAVIS,129.99
https://www.oldtowntequila.com/yuu-baal-joven-madrecuixe-mezcal/,LOS JAVIS,134.99
https://www.oldtowntequila.com/yuu-baal-joven-madrecuixe-mezcal/,LOS JAVIS,44.99
https://www.oldtowntequila.com/yuu-baal-joven-madrecuixe-mezcal/,LOS JAVIS,139.99
https://www.oldtowntequila.com/yuu-baal-joven-madrecuixe-mezcal/,REAL DE OAXACA,42.99
https://www.oldtowntequila.com/yuu-baal-joven-madrecuixe-mezcal/,Nuestra Soledad,49.99
https://www.oldtowntequila.com/yuu-baal-joven-madrecuixe-mezcal/,ESCORPION,39.99
https://www.oldtowntequila.com/yuu-baal-joven-madrecuixe-mezcal/,ESCORPION,39.99
https://www.oldtowntequila.com/yuu-baal-joven-madrecuixe-mezcal/,DON MATEO,99.99
https://www.oldtowntequila.com/yuu-baal-joven-madrecuixe-mezcal/,DON MATEO,68.99
https://www.oldtowntequila.com/yuu-baal-joven-madrecuixe-mezcal/,SIETE MISTERIOS,58.98
https://www.oldtowntequila.com/yuu-baal-joven-madrecuixe-mezcal/,SIETE MISTERIOS,168.89
https://www.oldtowntequila.com/yuu-baal-joven-madrecuixe-mezcal/,SIETE MISTERIOS,189.98
https://www.oldtowntequila.com/yuu-baal-joven-madrecuixe-mezcal/,Puntagave,89.99
https://www.oldtowntequila.com/yuu-baal-joven-madrecuixe-mezcal/,Alipus  Mezcal,41.99
https://www.oldtowntequila.com/yuu-baal-joven-madrecuixe-mezcal/,Nuestra Soledad,52.99
https://www.oldtowntequila.com/yuu-baal-joven-madrecuixe-mezcal/,Nuestra Soledad,49.99
https://www.oldtowntequila.com/yuu-baal-joven-madrecuixe-mezcal/,Nuestra Soledad,47.99
https://www.oldtowntequila.com/yuu-baal-joven-madrecuixe-mezcal/,Nuestra Soledad,49.99
https://www.oldtowntequila.com/yuu-baal-joven-madrecuixe-mezcal/,BOSSCAL,59.99
https://www.oldtowntequila.com/yuu-baal-joven-madrecuixe-mezcal/,MARIA MEZCAL,39.99
https://www.oldtowntequila.com/yuu-baal-joven-madrecuixe-mezcal/,MARIA MEZCAL,59.99
https://www.oldtowntequila.com/yuu-baal-joven-madrecuixe-mezcal/,Mezcalosfera de Mezcaloteca,168.99
https://www.oldtowntequila.com/yuu-baal-joven-madrecuixe-mezcal/,DOS PERROS,179.99
https://www.oldtowntequila.com/yuu-baal-joven-madrecuixe-mezcal/,IBA MEZCAL,36.99
https://www.oldtowntequila.com/yuu-baal-joven-madrecuixe-mezcal/,IBA MEZCAL,68.99
https://www.oldtowntequila.com/koch-madrecuishe-mezcal/,ENMASCARADO,51.99
https://www.oldtowntequila.com/koch-madrecuishe-mezcal/,ENMASCARADO,74.99
https://www.oldtowntequila.com/koch-madrecuishe-mezcal/,SANTO DIABLO,39.99
https://www.oldtowntequila.com/koch-madrecuishe-mezcal/,La Nina,39.99
https://www.oldtowntequila.com/koch-madrecuishe-mezcal/,Koch ,149.99
https://www.oldtowntequila.com/koch-madrecuishe-mezcal/,Koch ,169.99
https://www.oldtowntequila.com/koch-madrecuishe-mezcal/,Koch ,145.99
https://www.oldtowntequila.com/koch-madrecuishe-mezcal/,Koch ,119.99
https://www.oldtowntequila.com/koch-madrecuishe-mezcal/,Koch ,99.99
https://www.oldtowntequila.com/koch-madrecuishe-mezcal/,Koch ,119.99
https://www.oldtowntequila.com/koch-madrecuishe-mezcal/,Koch ,124.99
https://www.oldtowntequila.com/koch-madrecuishe-mezcal/,Koch ,119.99
https://www.oldtowntequila.com/koch-madrecuishe-mezcal/,Koch ,59.99
https://www.oldtowntequila.com/koch-madrecuishe-mezcal/,Koch ,119.99
https://www.oldtowntequila.com/koch-madrecuishe-mezcal/,Koch ,84.99
https://www.oldtowntequila.com/koch-madrecuishe-mezcal/,Koch ,74.99
https://www.oldtowntequila.com/koch-madrecuishe-mezcal/,Dos Volcanes,99.99
https://www.oldtowntequila.com/koch-madrecuishe-mezcal/,DERRUMBES MEZCAL,89.99
https://www.oldtowntequila.com/koch-madrecuishe-mezcal/,DERRUMBES MEZCAL,44.99
https://www.oldtowntequila.com/koch-madrecuishe-mezcal/,DERRUMBES MEZCAL,64.99
https://www.oldtowntequila.com/koch-madrecuishe-mezcal/,EL JOLGORIO,139.99
https://www.oldtowntequila.com/koch-madrecuishe-mezcal/,sangre de vida,74.99
https://www.oldtowntequila.com/koch-madrecuishe-mezcal/,OLL1N,36.99
https://www.oldtowntequila.com/koch-madrecuishe-mezcal/,OLL1N,42.99
https://www.oldtowntequila.com/koch-madrecuishe-mezcal/,OLL1N,69.99
https://www.oldtowntequila.com/koch-madrecuishe-mezcal/,real minero,183.99
https://www.oldtowntequila.com/koch-madrecuishe-mezcal/,real minero,142.99
https://www.oldtowntequila.com/koch-madrecuishe-mezcal/,Rey Campero,119.99
https://www.oldtowntequila.com/koch-madrecuishe-mezcal/,Rey Campero,124.99
https://www.oldtowntequila.com/koch-madrecuishe-mezcal/,Rey Campero,98.98
https://www.oldtowntequila.com/koch-madrecuishe-mezcal/,Rey Campero,98.98
https://www.oldtowntequila.com/koch-madrecuishe-mezcal/,Rey Campero,53.99
https://www.oldtowntequila.com/koch-madrecuishe-mezcal/,Rey Campero,94.99
https://www.oldtowntequila.com/koch-madrecuishe-mezcal/,Amaras,59.99
https://www.oldtowntequila.com/koch-madrecuishe-mezcal/,Amaras,45.99
https://www.oldtowntequila.com/koch-madrecuishe-mezcal/,Jaral DeBerrio,38.99
https://www.oldtowntequila.com/koch-madrecuishe-mezcal/,Jaral DeBerrio,44.99
https://www.oldtowntequila.com/koch-madrecuishe-mezcal/,Jaral DeBerrio,27.99
https://www.oldtowntequila.com/koch-madrecuishe-mezcal/,DONAJI  MEZCAL,39.99
https://www.oldtowntequila.com/koch-madrecuishe-mezcal/,DONAJI  MEZCAL,79.99
https://www.oldtowntequila.com/mezcalero-no-11-mezcal/,Kimo Sabe Mezcal,39.99
https://www.oldtowntequila.com/mezcalero-no-11-mezcal/,El Silencio,29.99
https://www.oldtowntequila.com/mezcalero-no-11-mezcal/,La Nina,99.99
https://www.oldtowntequila.com/mezcalero-no-11-mezcal/,tosba,134.98
https://www.oldtowntequila.com/mezcalero-no-11-mezcal/,tosba,98.99
https://www.oldtowntequila.com/mezcalero-no-11-mezcal/,tosba,49.99
https://www.oldtowntequila.com/mezcalero-no-11-mezcal/,mezcalero,139.99
https://www.oldtowntequila.com/mezcalero-no-11-mezcal/,mezcalero,79.99
https://www.oldtowntequila.com/mezcalero-no-11-mezcal/,mezcalero,104.99
https://www.oldtowntequila.com/mezcalero-no-11-mezcal/,LOS JAVIS,44.99
https://www.oldtowntequila.com/mezcalero-no-11-mezcal/,LOS JAVIS,29.99
https://www.oldtowntequila.com/mezcalero-no-11-mezcal/,Montelobos,43.98
https://www.oldtowntequila.com/mezcalero-no-11-mezcal/,PIERDE ALMAS,138.99
https://www.oldtowntequila.com/mezcalero-no-11-mezcal/,PIERDE ALMAS,199.99
https://www.oldtowntequila.com/mezcalero-no-11-mezcal/,PIERDE ALMAS,81.99
https://www.oldtowntequila.com/mezcalero-no-11-mezcal/,PIERDE ALMAS,119.99
https://www.oldtowntequila.com/mezcalero-no-11-mezcal/,PIERDE ALMAS,68.99
https://www.oldtowntequila.com/mezcalero-no-11-mezcal/,Marca Negra,79.98
https://www.oldtowntequila.com/mezcalero-no-11-mezcal/,Marca Negra,62.99
https://www.oldtowntequila.com/mezcalero-no-11-mezcal/,MEZCAL VAGO,84.99
https://www.oldtowntequila.com/mezcalero-no-11-mezcal/,MEZCAL VAGO,49.99
https://www.oldtowntequila.com/mezcalero-no-11-mezcal/,MEZCAL VAGO,99.99
https://www.oldtowntequila.com/mezcalero-no-11-mezcal/,MEZCAL VAGO,52.99
https://www.oldtowntequila.com/mezcalero-no-11-mezcal/,XICARU,32.49
https://www.oldtowntequila.com/mezcalero-no-11-mezcal/,EL JOLGORIO,119.99
https://www.oldtowntequila.com/mezcalero-no-11-mezcal/,EL JOLGORIO,165.98
https://www.oldtowntequila.com/mezcalero-no-11-mezcal/,EL JOLGORIO,119.99
https://www.oldtowntequila.com/mezcalero-no-11-mezcal/,EL JOLGORIO,119.99
https://www.oldtowntequila.com/mezcalero-no-11-mezcal/,EL JOLGORIO,149.99
https://www.oldtowntequila.com/mezcalero-no-11-mezcal/,EL JOLGORIO,124.99
https://www.oldtowntequila.com/mezcalero-no-11-mezcal/,EL JOLGORIO,89.99
https://www.oldtowntequila.com/mezcalero-no-11-mezcal/,Nuestra Soledad,43.99
https://www.oldtowntequila.com/mezcalero-no-11-mezcal/,EMBAJADOR DE OAXCA,98.99
https://www.oldtowntequila.com/mezcalero-no-11-mezcal/,EMBAJADOR DE OAXCA,53.99
https://www.oldtowntequila.com/mezcalero-no-11-mezcal/,EMBAJADOR DE OAXCA,49.99
https://www.oldtowntequila.com/mezcalero-no-11-mezcal/,Lissie,50.00
https://www.oldtowntequila.com/mezcalero-no-11-mezcal/,Benesin,79.99
https://www.oldtowntequila.com/mezcalero-no-11-mezcal/,Benesin,46.99
https://www.oldtowntequila.com/mezcalero-no-11-mezcal/,Benesin,79.99
https://www.oldtowntequila.com/mezcalero-no-11-mezcal/,Benesin,59.99
https://www.oldtowntequila.com/alipus-santa-ana-delrio-mezcal/,Benesin,75.99
https://www.oldtowntequila.com/alipus-santa-ana-delrio-mezcal/,Mala Noche,32.99
https://www.oldtowntequila.com/alipus-santa-ana-delrio-mezcal/,Mala Noche,32.99
https://www.oldtowntequila.com/alipus-santa-ana-delrio-mezcal/,Siembra Metl ,64.99
https://www.oldtowntequila.com/alipus-santa-ana-delrio-mezcal/,Mezcales de Leyenda,93.99
https://www.oldtowntequila.com/alipus-santa-ana-delrio-mezcal/,Mezcales de Leyenda,64.99
https://www.oldtowntequila.com/alipus-santa-ana-delrio-mezcal/,Mezcales de Leyenda,82.99
https://www.oldtowntequila.com/alipus-santa-ana-delrio-mezcal/,Alipus  Mezcal,46.99
https://www.oldtowntequila.com/alipus-santa-ana-delrio-mezcal/,Alipus  Mezcal,49.99
https://www.oldtowntequila.com/alipus-santa-ana-delrio-mezcal/,Alipus  Mezcal,49.99
https://www.oldtowntequila.com/alipus-santa-ana-delrio-mezcal/,EL TINIEBLO,64.99
https://www.oldtowntequila.com/alipus-santa-ana-delrio-mezcal/,EL TINIEBLO,49.99
https://www.oldtowntequila.com/alipus-santa-ana-delrio-mezcal/,EL TINIEBLO,79.99
https://www.oldtowntequila.com/alipus-santa-ana-delrio-mezcal/,Los Amantes,64.99
https://www.oldtowntequila.com/alipus-santa-ana-delrio-mezcal/,Los Amantes,74.99
https://www.oldtowntequila.com/alipus-santa-ana-delrio-mezcal/,Los Amantes,59.99
https://www.oldtowntequila.com/alipus-santa-ana-delrio-mezcal/,Joyas Oaxaquenas ,29.99
https://www.oldtowntequila.com/alipus-santa-ana-delrio-mezcal/,JOYA,59.99
https://www.oldtowntequila.com/alipus-santa-ana-delrio-mezcal/,Oro de Oaxaca,39.99
https://www.oldtowntequila.com/alipus-santa-ana-delrio-mezcal/,MINA REAL,39.99
https://www.oldtowntequila.com/alipus-santa-ana-delrio-mezcal/,Mina Del Eden,52.99
https://www.oldtowntequila.com/alipus-santa-ana-delrio-mezcal/,Mina Del Eden,53.99
https://www.oldtowntequila.com/alipus-santa-ana-delrio-mezcal/,Mijes Mezcal,59.99
https://www.oldtowntequila.com/alipus-santa-ana-delrio-mezcal/,Mijes Mezcal,65.00
https://www.oldtowntequila.com/alipus-santa-ana-delrio-mezcal/,FIDENCIO,129.99
https://www.oldtowntequila.com/alipus-santa-ana-delrio-mezcal/,FIDENCIO,99.99
https://www.oldtowntequila.com/alipus-santa-ana-delrio-mezcal/,FIDENCIO,129.99
https://www.oldtowntequila.com/alipus-santa-ana-delrio-mezcal/,FIDENCIO,39.99
https://www.oldtowntequila.com/alipus-santa-ana-delrio-mezcal/,FIDENCIO,34.99
https://www.oldtowntequila.com/alipus-santa-ana-delrio-mezcal/,Hacienda de Chihuahua,27.99
https://www.oldtowntequila.com/alipus-santa-ana-delrio-mezcal/,Hacienda de Chihuahua,37.99
https://www.oldtowntequila.com/alipus-santa-ana-delrio-mezcal/,Hacienda de Chihuahua,29.99
https://www.oldtowntequila.com/alipus-santa-ana-delrio-mezcal/,Hacienda de Chihuahua,22.99
https://www.oldtowntequila.com/alipus-santa-ana-delrio-mezcal/,Wahaka,149.99
https://www.oldtowntequila.com/alipus-santa-ana-delrio-mezcal/,Wahaka,149.99
https://www.oldtowntequila.com/alipus-santa-ana-delrio-mezcal/,Wahaka,94.99
https://www.oldtowntequila.com/alipus-santa-ana-delrio-mezcal/,Wahaka,39.99
https://www.oldtowntequila.com/alipus-santa-ana-delrio-mezcal/,Wahaka,29.99
https://www.oldtowntequila.com/alipus-santa-ana-delrio-mezcal/,Wahaka,39.99
https://www.oldtowntequila.com/alipus-santa-ana-delrio-mezcal/,Wahaka,399.99
https://www.oldtowntequila.com/el-zacatecano-joven-blanco-mezcal/,Wahaka,399.99
https://www.oldtowntequila.com/el-zacatecano-joven-blanco-mezcal/,Wahaka,99.99
https://www.oldtowntequila.com/el-zacatecano-joven-blanco-mezcal/,Wahaka,99.99
https://www.oldtowntequila.com/el-zacatecano-joven-blanco-mezcal/,Wahaka,99.99
https://www.oldtowntequila.com/el-zacatecano-joven-blanco-mezcal/,Wahaka,49.98
https://www.oldtowntequila.com/el-zacatecano-joven-blanco-mezcal/,Wahaka,39.99
https://www.oldtowntequila.com/el-zacatecano-joven-blanco-mezcal/,El Zacatecano,49.99
https://www.oldtowntequila.com/el-zacatecano-joven-blanco-mezcal/,El Zacatecano,39.99
https://www.oldtowntequila.com/el-zacatecano-joven-blanco-mezcal/,El Zacatecano,59.99
https://www.oldtowntequila.com/el-zacatecano-joven-blanco-mezcal/,LOS  NAHUALES,55.99
https://www.oldtowntequila.com/el-zacatecano-joven-blanco-mezcal/,LOS  NAHUALES,99.99
https://www.oldtowntequila.com/el-zacatecano-joven-blanco-mezcal/,Wild Shot,56.99
https://www.oldtowntequila.com/el-zacatecano-joven-blanco-mezcal/,Wild Shot,54.99
https://www.oldtowntequila.com/el-zacatecano-joven-blanco-mezcal/,OCHO CIENTOS,59.99
https://www.oldtowntequila.com/el-zacatecano-joven-blanco-mezcal/,OCHO CIENTOS,65.99
https://www.oldtowntequila.com/el-zacatecano-joven-blanco-mezcal/,Antonio Aguilar,32.99
https://www.oldtowntequila.com/el-zacatecano-joven-blanco-mezcal/,Don Cuco,49.99
https://www.oldtowntequila.com/el-zacatecano-joven-blanco-mezcal/,Don Cuco,59.99
https://www.oldtowntequila.com/el-zacatecano-joven-blanco-mezcal/,Tobala,99.99
https://www.oldtowntequila.com/el-zacatecano-joven-blanco-mezcal/,EL JOLGORIO,125.00
https://www.oldtowntequila.com/el-zacatecano-joven-blanco-mezcal/,Agave de Cortes,57.99
https://www.oldtowntequila.com/el-zacatecano-joven-blanco-mezcal/,Agave de Cortes,44.99
https://www.oldtowntequila.com/el-zacatecano-joven-blanco-mezcal/,Agave de Cortes,57.99
https://www.oldtowntequila.com/el-zacatecano-joven-blanco-mezcal/,Agave de Cortes,119.99
https://www.oldtowntequila.com/el-zacatecano-joven-blanco-mezcal/,ILEGAL MEZCAL,42.98
https://www.oldtowntequila.com/el-zacatecano-joven-blanco-mezcal/,ILEGAL MEZCAL,49.98
https://www.oldtowntequila.com/el-zacatecano-joven-blanco-mezcal/,ILEGAL MEZCAL,84.98
https://www.oldtowntequila.com/el-zacatecano-joven-blanco-mezcal/,LOS  NAHUALES,62.99
https://www.oldtowntequila.com/el-zacatecano-joven-blanco-mezcal/,Monte Alban,24.99
https://www.oldtowntequila.com/el-zacatecano-joven-blanco-mezcal/,Sombra,39.99
https://www.oldtowntequila.com/el-zacatecano-joven-blanco-mezcal/,Delirio,66.99
https://www.oldtowntequila.com/el-zacatecano-joven-blanco-mezcal/,Delirio,56.99
https://www.oldtowntequila.com/el-zacatecano-joven-blanco-mezcal/,Delirio,49.99
https://www.oldtowntequila.com/el-zacatecano-joven-blanco-mezcal/,Marca Negra,89.99
https://www.oldtowntequila.com/el-zacatecano-joven-blanco-mezcal/,Marca Negra,109.99
https://www.oldtowntequila.com/el-zacatecano-joven-blanco-mezcal/,Don Amado,49.99
https://www.oldtowntequila.com/el-zacatecano-joven-blanco-mezcal/,Don Amado,69.99
https://www.oldtowntequila.com/el-zacatecano-joven-blanco-mezcal/,Don Amado,45.99
https://www.oldtowntequila.com/el-zacatecano-joven-blanco-mezcal/,Del Maguey,109.99
https://www.oldtowntequila.com/el-zacatecano-joven-blanco-mezcal/,Del Maguey,95.99
https://www.oldtowntequila.com/del-maguey-pechuga-organic-mezcal/,Del Maguey,119.99
https://www.oldtowntequila.com/del-maguey-pechuga-organic-mezcal/,Del Maguey,129.99
https://www.oldtowntequila.com/del-maguey-pechuga-organic-mezcal/,Del Maguey,119.99
https://www.oldtowntequila.com/del-maguey-pechuga-organic-mezcal/,Del Maguey,129.99
https://www.oldtowntequila.com/del-maguey-pechuga-organic-mezcal/,Del Maguey,125.00
https://www.oldtowntequila.com/del-maguey-pechuga-organic-mezcal/,Del Maguey,97.98
https://www.oldtowntequila.com/del-maguey-pechuga-organic-mezcal/,Del Maguey,119.99
https://www.oldtowntequila.com/del-maguey-pechuga-organic-mezcal/,Del Maguey,189.99
https://www.oldtowntequila.com/del-maguey-pechuga-organic-mezcal/,Del Maguey,35.99
https://www.oldtowntequila.com/del-maguey-pechuga-organic-mezcal/,Del Maguey,209.99
https://www.oldtowntequila.com/del-maguey-pechuga-organic-mezcal/,Del Maguey,69.99
https://www.oldtowntequila.com/del-maguey-pechuga-organic-mezcal/,Del Maguey,69.99
https://www.oldtowntequila.com/del-maguey-pechuga-organic-mezcal/,Del Maguey,69.99
https://www.oldtowntequila.com/del-maguey-pechuga-organic-mezcal/,Del Maguey,119.99
https://www.oldtowntequila.com/del-maguey-pechuga-organic-mezcal/,Del Maguey,35.99
https://www.oldtowntequila.com/del-maguey-pechuga-organic-mezcal/,Scorpion,99.99
https://www.oldtowntequila.com/del-maguey-pechuga-organic-mezcal/,Scorpion,229.99
https://www.oldtowntequila.com/del-maguey-pechuga-organic-mezcal/,Scorpion,49.99
https://www.oldtowntequila.com/del-maguey-pechuga-organic-mezcal/,Scorpion,48.99
https://www.oldtowntequila.com/del-maguey-pechuga-organic-mezcal/,Scorpion,65.99
https://www.oldtowntequila.com/del-maguey-pechuga-organic-mezcal/,Scorpion,199.99
https://www.oldtowntequila.com/del-maguey-pechuga-organic-mezcal/,Cielo,48.99
https://www.oldtowntequila.com/del-maguey-pechuga-organic-mezcal/,Clase Azul tequila,379.99
https://www.oldtowntequila.com/del-maguey-pechuga-organic-mezcal/,La Nina,74.99
https://www.oldtowntequila.com/del-maguey-pechuga-organic-mezcal/,Peloton De La Muerte,29.99
https://www.oldtowntequila.com/del-maguey-pechuga-organic-mezcal/,Joyas Oaxaquenas ,39.99
https://www.oldtowntequila.com/del-maguey-pechuga-organic-mezcal/,,4.99
https://www.oldtowntequila.com/del-maguey-pechuga-organic-mezcal/,FIDENCIO,89.99
https://www.oldtowntequila.com/del-maguey-pechuga-organic-mezcal/,	Por Siempre Sotol,37.99
https://www.oldtowntequila.com/del-maguey-pechuga-organic-mezcal/,Alipus  Mezcal,59.99
